Filename,Prediction
ABBOTTS BABBLER\1.jpg,BLACK & YELLOW BROADBILL
ABBOTTS BABBLER\2.jpg,ORIENTAL BAY OWL
ABBOTTS BABBLER\3.jpg,ABBOTTS BABBLER
ABBOTTS BABBLER\4.jpg,ABBOTTS BABBLER
ABBOTTS BABBLER\5.jpg,ALBERTS TOWHEE
ABBOTTS BOOBY\1.jpg,COCKATOO
ABBOTTS BOOBY\2.jpg,BULWERS PHEASANT
ABBOTTS BOOBY\3.jpg,SHORT BILLED DOWITCHER
ABBOTTS BOOBY\4.jpg,NORTHERN GANNET
ABBOTTS BOOBY\5.jpg,ABBOTTS BOOBY
ABYSSINIAN GROUND HORNBILL\1.jpg,ABYSSINIAN GROUND HORNBILL
ABYSSINIAN GROUND HORNBILL\2.jpg,ABYSSINIAN GROUND HORNBILL
ABYSSINIAN GROUND HORNBILL\3.jpg,ABYSSINIAN GROUND HORNBILL
ABYSSINIAN GROUND HORNBILL\4.jpg,ABYSSINIAN GROUND HORNBILL
ABYSSINIAN GROUND HORNBILL\5.jpg,ABYSSINIAN GROUND HORNBILL
AFRICAN CROWNED CRANE\1.jpg,AFRICAN CROWNED CRANE
AFRICAN CROWNED CRANE\2.jpg,AFRICAN CROWNED CRANE
AFRICAN CROWNED CRANE\3.jpg,AFRICAN CROWNED CRANE
AFRICAN CROWNED CRANE\4.jpg,AFRICAN CROWNED CRANE
AFRICAN CROWNED CRANE\5.jpg,AFRICAN CROWNED CRANE
AFRICAN EMERALD CUCKOO\1.jpg,AFRICAN EMERALD CUCKOO
AFRICAN EMERALD CUCKOO\2.jpg,AFRICAN EMERALD CUCKOO
AFRICAN EMERALD CUCKOO\3.jpg,AFRICAN EMERALD CUCKOO
AFRICAN EMERALD CUCKOO\4.jpg,AFRICAN EMERALD CUCKOO
AFRICAN EMERALD CUCKOO\5.jpg,AFRICAN EMERALD CUCKOO
AFRICAN FIREFINCH\1.jpg,AFRICAN FIREFINCH
AFRICAN FIREFINCH\2.jpg,AFRICAN FIREFINCH
AFRICAN FIREFINCH\3.jpg,AFRICAN FIREFINCH
AFRICAN FIREFINCH\4.jpg,AFRICAN FIREFINCH
AFRICAN FIREFINCH\5.jpg,AFRICAN FIREFINCH
AFRICAN OYSTER CATCHER\1.jpg,AFRICAN OYSTER CATCHER
AFRICAN OYSTER CATCHER\2.jpg,AFRICAN OYSTER CATCHER
AFRICAN OYSTER CATCHER\3.jpg,AFRICAN OYSTER CATCHER
AFRICAN OYSTER CATCHER\4.jpg,AFRICAN OYSTER CATCHER
AFRICAN OYSTER CATCHER\5.jpg,AFRICAN OYSTER CATCHER
AFRICAN PIED HORNBILL\1.jpg,AFRICAN PIED HORNBILL
AFRICAN PIED HORNBILL\2.jpg,AFRICAN PIED HORNBILL
AFRICAN PIED HORNBILL\3.jpg,AFRICAN PIED HORNBILL
AFRICAN PIED HORNBILL\4.jpg,GROVED BILLED ANI
AFRICAN PIED HORNBILL\5.jpg,AFRICAN PIED HORNBILL
ALBATROSS\1.jpg,CRAB PLOVER
ALBATROSS\2.jpg,ALBATROSS
ALBATROSS\3.jpg,ALBATROSS
ALBATROSS\4.jpg,NORTHERN GANNET
ALBATROSS\5.jpg,TRUMPTER SWAN
ALBERTS TOWHEE\1.jpg,ALBERTS TOWHEE
ALBERTS TOWHEE\2.jpg,ALBERTS TOWHEE
ALBERTS TOWHEE\3.jpg,ALBERTS TOWHEE
ALBERTS TOWHEE\4.jpg,ALBERTS TOWHEE
ALBERTS TOWHEE\5.jpg,ALBERTS TOWHEE
ALEXANDRINE PARAKEET\1.jpg,ALEXANDRINE PARAKEET
ALEXANDRINE PARAKEET\2.jpg,ALEXANDRINE PARAKEET
ALEXANDRINE PARAKEET\3.jpg,ALEXANDRINE PARAKEET
ALEXANDRINE PARAKEET\4.jpg,ALEXANDRINE PARAKEET
ALEXANDRINE PARAKEET\5.jpg,ALEXANDRINE PARAKEET
ALPINE CHOUGH\1.jpg,COMMON STARLING
ALPINE CHOUGH\2.jpg,BALD IBIS
ALPINE CHOUGH\3.jpg,GROVED BILLED ANI
ALPINE CHOUGH\4.jpg,ALPINE CHOUGH
ALPINE CHOUGH\5.jpg,EMPEROR PENGUIN
ALTAMIRA YELLOWTHROAT\1.jpg,ALTAMIRA YELLOWTHROAT
ALTAMIRA YELLOWTHROAT\2.jpg,ALTAMIRA YELLOWTHROAT
ALTAMIRA YELLOWTHROAT\3.jpg,ALTAMIRA YELLOWTHROAT
ALTAMIRA YELLOWTHROAT\4.jpg,VEERY
ALTAMIRA YELLOWTHROAT\5.jpg,MALAGASY WHITE EYE
AMERICAN AVOCET\1.jpg,AMERICAN AVOCET
AMERICAN AVOCET\2.jpg,AMERICAN AVOCET
AMERICAN AVOCET\3.jpg,AMERICAN AVOCET
AMERICAN AVOCET\4.jpg,AMERICAN AVOCET
AMERICAN AVOCET\5.jpg,AMERICAN AVOCET
AMERICAN BITTERN\1.jpg,AMERICAN BITTERN
AMERICAN BITTERN\2.jpg,AMERICAN BITTERN
AMERICAN BITTERN\3.jpg,KAKAPO
AMERICAN BITTERN\4.jpg,SHORT BILLED DOWITCHER
AMERICAN BITTERN\5.jpg,AMERICAN BITTERN
AMERICAN COOT\1.jpg,AMERICAN COOT
AMERICAN COOT\2.jpg,AMERICAN COOT
AMERICAN COOT\3.jpg,AMERICAN COOT
AMERICAN COOT\4.jpg,AMERICAN COOT
AMERICAN COOT\5.jpg,AMERICAN COOT
AMERICAN FLAMINGO\1.jpg,SCARLET IBIS
AMERICAN FLAMINGO\2.jpg,AMERICAN FLAMINGO
AMERICAN FLAMINGO\3.jpg,AMERICAN FLAMINGO
AMERICAN FLAMINGO\4.jpg,AMERICAN FLAMINGO
AMERICAN FLAMINGO\5.jpg,AMERICAN FLAMINGO
AMERICAN GOLDFINCH\1.jpg,AMERICAN GOLDFINCH
AMERICAN GOLDFINCH\2.jpg,AMERICAN GOLDFINCH
AMERICAN GOLDFINCH\3.jpg,AMERICAN GOLDFINCH
AMERICAN GOLDFINCH\4.jpg,ANDEAN SISKIN
AMERICAN GOLDFINCH\5.jpg,AMERICAN GOLDFINCH
AMERICAN KESTREL\1.jpg,AMERICAN KESTREL
AMERICAN KESTREL\2.jpg,AMERICAN KESTREL
AMERICAN KESTREL\3.jpg,AMERICAN KESTREL
AMERICAN KESTREL\4.jpg,AMERICAN KESTREL
AMERICAN KESTREL\5.jpg,AMERICAN KESTREL
AMERICAN PIPIT\1.jpg,AMERICAN PIPIT
AMERICAN PIPIT\2.jpg,LARK BUNTING
AMERICAN PIPIT\3.jpg,AMERICAN PIPIT
AMERICAN PIPIT\4.jpg,AMERICAN PIPIT
AMERICAN PIPIT\5.jpg,AMERICAN PIPIT
AMERICAN REDSTART\1.jpg,AMERICAN REDSTART
AMERICAN REDSTART\2.jpg,AMERICAN REDSTART
AMERICAN REDSTART\3.jpg,AMERICAN REDSTART
AMERICAN REDSTART\4.jpg,AMERICAN REDSTART
AMERICAN REDSTART\5.jpg,AMERICAN REDSTART
AMERICAN WIGEON\1.jpg,AMERICAN WIGEON
AMERICAN WIGEON\2.jpg,TEAL DUCK
AMERICAN WIGEON\3.jpg,FAIRY PENGUIN
AMERICAN WIGEON\4.jpg,AMERICAN WIGEON
AMERICAN WIGEON\5.jpg,HOODED MERGANSER
AMETHYST WOODSTAR\1.jpg,AMETHYST WOODSTAR
AMETHYST WOODSTAR\2.jpg,AMETHYST WOODSTAR
AMETHYST WOODSTAR\3.jpg,VEERY
AMETHYST WOODSTAR\4.jpg,AMETHYST WOODSTAR
AMETHYST WOODSTAR\5.jpg,AMETHYST WOODSTAR
ANDEAN GOOSE\1.jpg,ANDEAN GOOSE
ANDEAN GOOSE\2.jpg,ANDEAN GOOSE
ANDEAN GOOSE\3.jpg,KAGU
ANDEAN GOOSE\4.jpg,ANDEAN GOOSE
ANDEAN GOOSE\5.jpg,BLACK-CAPPED CHICKADEE
ANDEAN LAPWING\1.jpg,ANDEAN LAPWING
ANDEAN LAPWING\2.jpg,ANDEAN LAPWING
ANDEAN LAPWING\3.jpg,ANDEAN LAPWING
ANDEAN LAPWING\4.jpg,ANDEAN LAPWING
ANDEAN LAPWING\5.jpg,ANDEAN LAPWING
ANDEAN SISKIN\1.jpg,ANDEAN SISKIN
ANDEAN SISKIN\2.jpg,ANDEAN SISKIN
ANDEAN SISKIN\3.jpg,ANDEAN SISKIN
ANDEAN SISKIN\4.jpg,ANDEAN SISKIN
ANDEAN SISKIN\5.jpg,ANDEAN SISKIN
ANHINGA\1.jpg,ANHINGA
ANHINGA\2.jpg,ANHINGA
ANHINGA\3.jpg,ANHINGA
ANHINGA\4.jpg,ANHINGA
ANHINGA\5.jpg,ANHINGA
ANIANIAU\1.jpg,ANIANIAU
ANIANIAU\2.jpg,ANIANIAU
ANIANIAU\3.jpg,ANIANIAU
ANIANIAU\4.jpg,ALTAMIRA YELLOWTHROAT
ANIANIAU\5.jpg,ANIANIAU
ANNAS HUMMINGBIRD\1.jpg,ANNAS HUMMINGBIRD
ANNAS HUMMINGBIRD\2.jpg,ANNAS HUMMINGBIRD
ANNAS HUMMINGBIRD\3.jpg,ANNAS HUMMINGBIRD
ANNAS HUMMINGBIRD\4.jpg,ANNAS HUMMINGBIRD
ANNAS HUMMINGBIRD\5.jpg,ANNAS HUMMINGBIRD
ANTBIRD\1.jpg,ANTBIRD
ANTBIRD\2.jpg,HOOPOES
ANTBIRD\3.jpg,COMMON STARLING
ANTBIRD\4.jpg,ANTBIRD
ANTBIRD\5.jpg,ANTBIRD
ANTILLEAN EUPHONIA\1.jpg,COLLARED ARACARI
ANTILLEAN EUPHONIA\2.jpg,ANTILLEAN EUPHONIA
ANTILLEAN EUPHONIA\3.jpg,ANTILLEAN EUPHONIA
ANTILLEAN EUPHONIA\4.jpg,ANTILLEAN EUPHONIA
ANTILLEAN EUPHONIA\5.jpg,BORNEAN LEAFBIRD
APAPANE\1.jpg,APAPANE
APAPANE\2.jpg,HEPATIC TANAGER
APAPANE\3.jpg,APAPANE
APAPANE\4.jpg,JAPANESE ROBIN
APAPANE\5.jpg,APAPANE
APOSTLEBIRD\1.jpg,APOSTLEBIRD
APOSTLEBIRD\2.jpg,APOSTLEBIRD
APOSTLEBIRD\3.jpg,APOSTLEBIRD
APOSTLEBIRD\4.jpg,APOSTLEBIRD
APOSTLEBIRD\5.jpg,RED TAILED HAWK
ARARIPE MANAKIN\1.jpg,ARARIPE MANAKIN
ARARIPE MANAKIN\2.jpg,ARARIPE MANAKIN
ARARIPE MANAKIN\3.jpg,ARARIPE MANAKIN
ARARIPE MANAKIN\4.jpg,ARARIPE MANAKIN
ARARIPE MANAKIN\5.jpg,ARARIPE MANAKIN
ASHY STORM PETREL\1.jpg,ASHY STORM PETREL
ASHY STORM PETREL\2.jpg,ASHY STORM PETREL
ASHY STORM PETREL\3.jpg,KAGU
ASHY STORM PETREL\4.jpg,ASHY STORM PETREL
ASHY STORM PETREL\5.jpg,ASHY STORM PETREL
ASHY THRUSHBIRD\1.jpg,ASHY THRUSHBIRD
ASHY THRUSHBIRD\2.jpg,D-ARNAUDS BARBET
ASHY THRUSHBIRD\3.jpg,ASHY THRUSHBIRD
ASHY THRUSHBIRD\4.jpg,ASHY THRUSHBIRD
ASHY THRUSHBIRD\5.jpg,ASHY THRUSHBIRD
ASIAN CRESTED IBIS\1.jpg,ASIAN CRESTED IBIS
ASIAN CRESTED IBIS\2.jpg,ASIAN CRESTED IBIS
ASIAN CRESTED IBIS\3.jpg,ASIAN CRESTED IBIS
ASIAN CRESTED IBIS\4.jpg,ASIAN CRESTED IBIS
ASIAN CRESTED IBIS\5.jpg,ASIAN CRESTED IBIS
ASIAN DOLLARD BIRD\1.jpg,ASIAN DOLLARD BIRD
ASIAN DOLLARD BIRD\2.jpg,ASIAN DOLLARD BIRD
ASIAN DOLLARD BIRD\3.jpg,ASIAN DOLLARD BIRD
ASIAN DOLLARD BIRD\4.jpg,PARADISE TANAGER
ASIAN DOLLARD BIRD\5.jpg,ASIAN DOLLARD BIRD
AUCKLAND SHAQ\1.jpg,RUBY THROATED HUMMINGBIRD
AUCKLAND SHAQ\2.jpg,AUCKLAND SHAQ
AUCKLAND SHAQ\3.jpg,ALPINE CHOUGH
AUCKLAND SHAQ\4.jpg,FRIGATE
AUCKLAND SHAQ\5.jpg,AUCKLAND SHAQ
AUSTRAL CANASTERO\1.jpg,HOUSE SPARROW
AUSTRAL CANASTERO\2.jpg,AUSTRAL CANASTERO
AUSTRAL CANASTERO\3.jpg,AUSTRAL CANASTERO
AUSTRAL CANASTERO\4.jpg,GRAY PARTRIDGE
AUSTRAL CANASTERO\5.jpg,AUSTRAL CANASTERO
AUSTRALASIAN FIGBIRD\1.jpg,AUSTRALASIAN FIGBIRD
AUSTRALASIAN FIGBIRD\2.jpg,AUSTRALASIAN FIGBIRD
AUSTRALASIAN FIGBIRD\3.jpg,AUSTRALASIAN FIGBIRD
AUSTRALASIAN FIGBIRD\4.jpg,AUSTRALASIAN FIGBIRD
AUSTRALASIAN FIGBIRD\5.jpg,AUSTRALASIAN FIGBIRD
AVADAVAT\1.jpg,AFRICAN FIREFINCH
AVADAVAT\2.jpg,STRAWBERRY FINCH
AVADAVAT\3.jpg,AVADAVAT
AVADAVAT\4.jpg,AVADAVAT
AVADAVAT\5.jpg,AVADAVAT
AZARAS SPINETAIL\1.jpg,AZARAS SPINETAIL
AZARAS SPINETAIL\2.jpg,AZARAS SPINETAIL
AZARAS SPINETAIL\3.jpg,AZARAS SPINETAIL
AZARAS SPINETAIL\4.jpg,FASCIATED WREN
AZARAS SPINETAIL\5.jpg,RED TAILED THRUSH
AZURE BREASTED PITTA\1.jpg,AZURE BREASTED PITTA
AZURE BREASTED PITTA\2.jpg,AZURE BREASTED PITTA
AZURE BREASTED PITTA\3.jpg,AZURE BREASTED PITTA
AZURE BREASTED PITTA\4.jpg,AZURE BREASTED PITTA
AZURE BREASTED PITTA\5.jpg,AZURE BREASTED PITTA
AZURE JAY\1.jpg,AZURE JAY
AZURE JAY\2.jpg,AZURE JAY
AZURE JAY\3.jpg,AZURE JAY
AZURE JAY\4.jpg,AZURE JAY
AZURE JAY\5.jpg,GREY CUCKOOSHRIKE
AZURE TANAGER\1.jpg,AZURE TANAGER
AZURE TANAGER\2.jpg,AZURE TANAGER
AZURE TANAGER\3.jpg,CHARA DE COLLAR
AZURE TANAGER\4.jpg,AZURE TANAGER
AZURE TANAGER\5.jpg,AZURE TANAGER
AZURE TIT\1.jpg,AZURE TIT
AZURE TIT\2.jpg,AZURE TIT
AZURE TIT\3.jpg,AZURE TIT
AZURE TIT\4.jpg,AZURE TIT
AZURE TIT\5.jpg,AZURE TIT
BAIKAL TEAL\1.jpg,BAIKAL TEAL
BAIKAL TEAL\2.jpg,BAIKAL TEAL
BAIKAL TEAL\3.jpg,WHIMBREL
BAIKAL TEAL\4.jpg,BAIKAL TEAL
BAIKAL TEAL\5.jpg,BAIKAL TEAL
BALD EAGLE\1.jpg,BALD EAGLE
BALD EAGLE\2.jpg,BALD EAGLE
BALD EAGLE\3.jpg,BALD EAGLE
BALD EAGLE\4.jpg,BALD EAGLE
BALD EAGLE\5.jpg,BALD EAGLE
BALD IBIS\1.jpg,BALD IBIS
BALD IBIS\2.jpg,ABYSSINIAN GROUND HORNBILL
BALD IBIS\3.jpg,TURKEY VULTURE
BALD IBIS\4.jpg,BALD IBIS
BALD IBIS\5.jpg,BALD IBIS
BALI STARLING\1.jpg,BALI STARLING
BALI STARLING\2.jpg,BALI STARLING
BALI STARLING\3.jpg,BALI STARLING
BALI STARLING\4.jpg,BALI STARLING
BALI STARLING\5.jpg,BALI STARLING
BALTIMORE ORIOLE\1.jpg,BALTIMORE ORIOLE
BALTIMORE ORIOLE\2.jpg,BALTIMORE ORIOLE
BALTIMORE ORIOLE\3.jpg,BALTIMORE ORIOLE
BALTIMORE ORIOLE\4.jpg,BALTIMORE ORIOLE
BALTIMORE ORIOLE\5.jpg,BALTIMORE ORIOLE
BANANAQUIT\1.jpg,BANANAQUIT
BANANAQUIT\2.jpg,BANANAQUIT
BANANAQUIT\3.jpg,BANANAQUIT
BANANAQUIT\4.jpg,BANANAQUIT
BANANAQUIT\5.jpg,BANANAQUIT
BAND TAILED GUAN\1.jpg,BAND TAILED GUAN
BAND TAILED GUAN\2.jpg,BAND TAILED GUAN
BAND TAILED GUAN\3.jpg,SHOEBILL
BAND TAILED GUAN\4.jpg,BAND TAILED GUAN
BAND TAILED GUAN\5.jpg,BAND TAILED GUAN
BANDED BROADBILL\1.jpg,BANDED BROADBILL
BANDED BROADBILL\2.jpg,BANDED BROADBILL
BANDED BROADBILL\3.jpg,COLLARED ARACARI
BANDED BROADBILL\4.jpg,BANDED BROADBILL
BANDED BROADBILL\5.jpg,BANDED BROADBILL
BANDED PITA\1.jpg,BANDED PITA
BANDED PITA\2.jpg,BANDED PITA
BANDED PITA\3.jpg,BANDED PITA
BANDED PITA\4.jpg,BANDED PITA
BANDED PITA\5.jpg,CAMPO FLICKER
BANDED STILT\1.jpg,BANDED STILT
BANDED STILT\2.jpg,BANDED STILT
BANDED STILT\3.jpg,BANDED STILT
BANDED STILT\4.jpg,BANDED STILT
BANDED STILT\5.jpg,BANDED STILT
BAR-TAILED GODWIT\1.jpg,BAR-TAILED GODWIT
BAR-TAILED GODWIT\2.jpg,BAR-TAILED GODWIT
BAR-TAILED GODWIT\3.jpg,BAR-TAILED GODWIT
BAR-TAILED GODWIT\4.jpg,BAR-TAILED GODWIT
BAR-TAILED GODWIT\5.jpg,BAR-TAILED GODWIT
BARN OWL\1.jpg,BARN OWL
BARN OWL\2.jpg,CRAB PLOVER
BARN OWL\3.jpg,BARN OWL
BARN OWL\4.jpg,BARN OWL
BARN OWL\5.jpg,BARN OWL
BARN SWALLOW\1.jpg,BARN SWALLOW
BARN SWALLOW\2.jpg,BARN SWALLOW
BARN SWALLOW\3.jpg,BARN SWALLOW
BARN SWALLOW\4.jpg,BARN SWALLOW
BARN SWALLOW\5.jpg,BARN SWALLOW
BARRED PUFFBIRD\1.jpg,BARRED PUFFBIRD
BARRED PUFFBIRD\2.jpg,BARRED PUFFBIRD
BARRED PUFFBIRD\3.jpg,BARRED PUFFBIRD
BARRED PUFFBIRD\4.jpg,BARRED PUFFBIRD
BARRED PUFFBIRD\5.jpg,BARRED PUFFBIRD
BARROWS GOLDENEYE\1.jpg,BARROWS GOLDENEYE
BARROWS GOLDENEYE\2.jpg,BARROWS GOLDENEYE
BARROWS GOLDENEYE\3.jpg,BARROWS GOLDENEYE
BARROWS GOLDENEYE\4.jpg,BARROWS GOLDENEYE
BARROWS GOLDENEYE\5.jpg,BARROWS GOLDENEYE
BAY-BREASTED WARBLER\1.jpg,BAY-BREASTED WARBLER
BAY-BREASTED WARBLER\2.jpg,BAY-BREASTED WARBLER
BAY-BREASTED WARBLER\3.jpg,BAY-BREASTED WARBLER
BAY-BREASTED WARBLER\4.jpg,BAY-BREASTED WARBLER
BAY-BREASTED WARBLER\5.jpg,BAY-BREASTED WARBLER
BEARDED BARBET\1.jpg,IWI
BEARDED BARBET\2.jpg,BEARDED BARBET
BEARDED BARBET\3.jpg,BEARDED BARBET
BEARDED BARBET\4.jpg,BEARDED BARBET
BEARDED BARBET\5.jpg,BEARDED BARBET
BEARDED BELLBIRD\1.jpg,BEARDED BELLBIRD
BEARDED BELLBIRD\2.jpg,BEARDED BELLBIRD
BEARDED BELLBIRD\3.jpg,BEARDED BELLBIRD
BEARDED BELLBIRD\4.jpg,BEARDED BELLBIRD
BEARDED BELLBIRD\5.jpg,BEARDED BELLBIRD
BEARDED REEDLING\1.jpg,BEARDED REEDLING
BEARDED REEDLING\2.jpg,BEARDED REEDLING
BEARDED REEDLING\3.jpg,BEARDED REEDLING
BEARDED REEDLING\4.jpg,BEARDED REEDLING
BEARDED REEDLING\5.jpg,BEARDED REEDLING
BELTED KINGFISHER\1.jpg,BELTED KINGFISHER
BELTED KINGFISHER\2.jpg,BELTED KINGFISHER
BELTED KINGFISHER\3.jpg,BELTED KINGFISHER
BELTED KINGFISHER\4.jpg,BELTED KINGFISHER
BELTED KINGFISHER\5.jpg,BELTED KINGFISHER
BIRD OF PARADISE\1.jpg,BIRD OF PARADISE
BIRD OF PARADISE\2.jpg,BIRD OF PARADISE
BIRD OF PARADISE\3.jpg,BIRD OF PARADISE
BIRD OF PARADISE\4.jpg,STRAWBERRY FINCH
BIRD OF PARADISE\5.jpg,BIRD OF PARADISE
BLACK & YELLOW BROADBILL\1.jpg,BLACK & YELLOW BROADBILL
BLACK & YELLOW BROADBILL\2.jpg,BLACK & YELLOW BROADBILL
BLACK & YELLOW BROADBILL\3.jpg,BLACK & YELLOW BROADBILL
BLACK & YELLOW BROADBILL\4.jpg,BLACK & YELLOW BROADBILL
BLACK & YELLOW BROADBILL\5.jpg,BLACK & YELLOW BROADBILL
BLACK BAZA\1.jpg,BLACK BAZA
BLACK BAZA\2.jpg,BLACK BAZA
BLACK BAZA\3.jpg,BLACK BAZA
BLACK BAZA\4.jpg,BLACK BAZA
BLACK BAZA\5.jpg,BLACK BAZA
BLACK COCKATO\1.jpg,BLACK COCKATO
BLACK COCKATO\2.jpg,BLACK COCKATO
BLACK COCKATO\3.jpg,BLACK COCKATO
BLACK COCKATO\4.jpg,BLACK COCKATO
BLACK COCKATO\5.jpg,BLACK COCKATO
BLACK FRANCOLIN\1.jpg,EUROPEAN TURTLE DOVE
BLACK FRANCOLIN\2.jpg,BLACK FRANCOLIN
BLACK FRANCOLIN\3.jpg,BLACK FRANCOLIN
BLACK FRANCOLIN\4.jpg,BLACK FRANCOLIN
BLACK FRANCOLIN\5.jpg,BLACK FRANCOLIN
BLACK SKIMMER\1.jpg,BLACK SKIMMER
BLACK SKIMMER\2.jpg,BLACK SKIMMER
BLACK SKIMMER\3.jpg,BLACK SKIMMER
BLACK SKIMMER\4.jpg,BLACK SKIMMER
BLACK SKIMMER\5.jpg,BLACK SKIMMER
BLACK SWAN\1.jpg,BLACK SWAN
BLACK SWAN\2.jpg,BLACK SWAN
BLACK SWAN\3.jpg,BLACK SWAN
BLACK SWAN\4.jpg,BLACK SWAN
BLACK SWAN\5.jpg,BLACK SWAN
BLACK TAIL CRAKE\1.jpg,BLACK TAIL CRAKE
BLACK TAIL CRAKE\2.jpg,BLACK TAIL CRAKE
BLACK TAIL CRAKE\3.jpg,BAND TAILED GUAN
BLACK TAIL CRAKE\4.jpg,BLACK TAIL CRAKE
BLACK TAIL CRAKE\5.jpg,BLACK TAIL CRAKE
BLACK THROATED BUSHTIT\1.jpg,BLACK THROATED BUSHTIT
BLACK THROATED BUSHTIT\2.jpg,BLACK THROATED BUSHTIT
BLACK THROATED BUSHTIT\3.jpg,BLACK THROATED BUSHTIT
BLACK THROATED BUSHTIT\4.jpg,BLACK THROATED BUSHTIT
BLACK THROATED BUSHTIT\5.jpg,BLACK THROATED BUSHTIT
BLACK THROATED WARBLER\1.jpg,BLACK THROATED WARBLER
BLACK THROATED WARBLER\2.jpg,BLACK THROATED WARBLER
BLACK THROATED WARBLER\3.jpg,BLACK THROATED WARBLER
BLACK THROATED WARBLER\4.jpg,BLACK THROATED WARBLER
BLACK THROATED WARBLER\5.jpg,BLACK THROATED WARBLER
BLACK VENTED SHEARWATER\1.jpg,BLACK VENTED SHEARWATER
BLACK VENTED SHEARWATER\2.jpg,BLACK VENTED SHEARWATER
BLACK VENTED SHEARWATER\3.jpg,BLACK VENTED SHEARWATER
BLACK VENTED SHEARWATER\4.jpg,BLACK VENTED SHEARWATER
BLACK VENTED SHEARWATER\5.jpg,BLACK VENTED SHEARWATER
BLACK VULTURE\1.jpg,BLACK VULTURE
BLACK VULTURE\2.jpg,BLACK VULTURE
BLACK VULTURE\3.jpg,BLACK VULTURE
BLACK VULTURE\4.jpg,BLACK VULTURE
BLACK VULTURE\5.jpg,BLACK VULTURE
BLACK-CAPPED CHICKADEE\1.jpg,BLACK-CAPPED CHICKADEE
BLACK-CAPPED CHICKADEE\2.jpg,BLACK-CAPPED CHICKADEE
BLACK-CAPPED CHICKADEE\3.jpg,BLACK-CAPPED CHICKADEE
BLACK-CAPPED CHICKADEE\4.jpg,BLACK-CAPPED CHICKADEE
BLACK-CAPPED CHICKADEE\5.jpg,BLACK-CAPPED CHICKADEE
BLACK-NECKED GREBE\1.jpg,BLACK-NECKED GREBE
BLACK-NECKED GREBE\2.jpg,BLACK-NECKED GREBE
BLACK-NECKED GREBE\3.jpg,BLACK-NECKED GREBE
BLACK-NECKED GREBE\4.jpg,BLACK-NECKED GREBE
BLACK-NECKED GREBE\5.jpg,BLACK-NECKED GREBE
BLACK-THROATED SPARROW\1.jpg,BLACK-THROATED SPARROW
BLACK-THROATED SPARROW\2.jpg,BLACK-THROATED SPARROW
BLACK-THROATED SPARROW\3.jpg,BLACK-THROATED SPARROW
BLACK-THROATED SPARROW\4.jpg,BLACK-THROATED SPARROW
BLACK-THROATED SPARROW\5.jpg,BLACK-THROATED SPARROW
BLACKBURNIAM WARBLER\1.jpg,BLACKBURNIAM WARBLER
BLACKBURNIAM WARBLER\2.jpg,BLACKBURNIAM WARBLER
BLACKBURNIAM WARBLER\3.jpg,BLACKBURNIAM WARBLER
BLACKBURNIAM WARBLER\4.jpg,BLACKBURNIAM WARBLER
BLACKBURNIAM WARBLER\5.jpg,BLACK THROATED WARBLER
BLONDE CRESTED WOODPECKER\1.jpg,BLONDE CRESTED WOODPECKER
BLONDE CRESTED WOODPECKER\2.jpg,BLONDE CRESTED WOODPECKER
BLONDE CRESTED WOODPECKER\3.jpg,BLONDE CRESTED WOODPECKER
BLONDE CRESTED WOODPECKER\4.jpg,BLONDE CRESTED WOODPECKER
BLONDE CRESTED WOODPECKER\5.jpg,BLONDE CRESTED WOODPECKER
BLOOD PHEASANT\1.jpg,BLOOD PHEASANT
BLOOD PHEASANT\2.jpg,BLOOD PHEASANT
BLOOD PHEASANT\3.jpg,BLOOD PHEASANT
BLOOD PHEASANT\4.jpg,BLOOD PHEASANT
BLOOD PHEASANT\5.jpg,BLOOD PHEASANT
BLUE COAU\1.jpg,BLUE COAU
BLUE COAU\2.jpg,BLUE COAU
BLUE COAU\3.jpg,AZURE TANAGER
BLUE COAU\4.jpg,BRANDT CORMARANT
BLUE COAU\5.jpg,BLUE COAU
BLUE DACNIS\1.jpg,BLUE DACNIS
BLUE DACNIS\2.jpg,CAPE GLOSSY STARLING
BLUE DACNIS\3.jpg,BLUE DACNIS
BLUE DACNIS\4.jpg,BLUE DACNIS
BLUE DACNIS\5.jpg,BLUE DACNIS
BLUE GROUSE\1.jpg,BLUE GROUSE
BLUE GROUSE\2.jpg,BLUE GROUSE
BLUE GROUSE\3.jpg,BLUE GROUSE
BLUE GROUSE\4.jpg,BLUE GROUSE
BLUE GROUSE\5.jpg,ANHINGA
BLUE HERON\1.jpg,BLUE HERON
BLUE HERON\2.jpg,BLUE HERON
BLUE HERON\3.jpg,BLUE HERON
BLUE HERON\4.jpg,BLUE HERON
BLUE HERON\5.jpg,AZURE JAY
BLUE MALKOHA\1.jpg,BLUE MALKOHA
BLUE MALKOHA\2.jpg,VULTURINE GUINEAFOWL
BLUE MALKOHA\3.jpg,GROVED BILLED ANI
BLUE MALKOHA\4.jpg,CRESTED COUA
BLUE MALKOHA\5.jpg,BLACK TAIL CRAKE
BLUE THROATED TOUCANET\1.jpg,BLUE THROATED TOUCANET
BLUE THROATED TOUCANET\2.jpg,BLUE THROATED TOUCANET
BLUE THROATED TOUCANET\3.jpg,BLUE THROATED TOUCANET
BLUE THROATED TOUCANET\4.jpg,BLUE THROATED TOUCANET
BLUE THROATED TOUCANET\5.jpg,BLUE THROATED TOUCANET
BOBOLINK\1.jpg,BOBOLINK
BOBOLINK\2.jpg,BOBOLINK
BOBOLINK\3.jpg,BOBOLINK
BOBOLINK\4.jpg,BOBOLINK
BOBOLINK\5.jpg,AMERICAN PIPIT
BORNEAN BRISTLEHEAD\1.jpg,BORNEAN BRISTLEHEAD
BORNEAN BRISTLEHEAD\2.jpg,BORNEAN BRISTLEHEAD
BORNEAN BRISTLEHEAD\3.jpg,BORNEAN BRISTLEHEAD
BORNEAN BRISTLEHEAD\4.jpg,BORNEAN BRISTLEHEAD
BORNEAN BRISTLEHEAD\5.jpg,BORNEAN BRISTLEHEAD
BORNEAN LEAFBIRD\1.jpg,BORNEAN LEAFBIRD
BORNEAN LEAFBIRD\2.jpg,BORNEAN LEAFBIRD
BORNEAN LEAFBIRD\3.jpg,GOLDEN CHLOROPHONIA
BORNEAN LEAFBIRD\4.jpg,BORNEAN LEAFBIRD
BORNEAN LEAFBIRD\5.jpg,GOLDEN CHLOROPHONIA
BORNEAN PHEASANT\1.jpg,BORNEAN PHEASANT
BORNEAN PHEASANT\2.jpg,BORNEAN PHEASANT
BORNEAN PHEASANT\3.jpg,BORNEAN PHEASANT
BORNEAN PHEASANT\4.jpg,BORNEAN PHEASANT
BORNEAN PHEASANT\5.jpg,BORNEAN PHEASANT
BRANDT CORMARANT\1.jpg,BRANDT CORMARANT
BRANDT CORMARANT\2.jpg,BRANDT CORMARANT
BRANDT CORMARANT\3.jpg,BRANDT CORMARANT
BRANDT CORMARANT\4.jpg,BRANDT CORMARANT
BRANDT CORMARANT\5.jpg,BRANDT CORMARANT
BREWERS BLACKBIRD\1.jpg,APOSTLEBIRD
BREWERS BLACKBIRD\2.jpg,BREWERS BLACKBIRD
BREWERS BLACKBIRD\3.jpg,BREWERS BLACKBIRD
BREWERS BLACKBIRD\4.jpg,BRANDT CORMARANT
BREWERS BLACKBIRD\5.jpg,BREWERS BLACKBIRD
BROWN CREPPER\1.jpg,BROWN CREPPER
BROWN CREPPER\2.jpg,BROWN CREPPER
BROWN CREPPER\3.jpg,BROWN CREPPER
BROWN CREPPER\4.jpg,BROWN CREPPER
BROWN CREPPER\5.jpg,FASCIATED WREN
BROWN NOODY\1.jpg,BROWN NOODY
BROWN NOODY\2.jpg,BROWN NOODY
BROWN NOODY\3.jpg,WHITE CRESTED HORNBILL
BROWN NOODY\4.jpg,BROWN NOODY
BROWN NOODY\5.jpg,BROWN NOODY
BROWN THRASHER\1.jpg,BROWN THRASHER
BROWN THRASHER\2.jpg,BROWN THRASHER
BROWN THRASHER\3.jpg,BROWN THRASHER
BROWN THRASHER\4.jpg,BROWN THRASHER
BROWN THRASHER\5.jpg,BROWN THRASHER
BUFFLEHEAD\1.jpg,BUFFLEHEAD
BUFFLEHEAD\2.jpg,BUFFLEHEAD
BUFFLEHEAD\3.jpg,BUFFLEHEAD
BUFFLEHEAD\4.jpg,BUFFLEHEAD
BUFFLEHEAD\5.jpg,BLACK VENTED SHEARWATER
BULWERS PHEASANT\1.jpg,BULWERS PHEASANT
BULWERS PHEASANT\2.jpg,BULWERS PHEASANT
BULWERS PHEASANT\3.jpg,BULWERS PHEASANT
BULWERS PHEASANT\4.jpg,BULWERS PHEASANT
BULWERS PHEASANT\5.jpg,BULWERS PHEASANT
BURCHELLS COURSER\1.jpg,BURCHELLS COURSER
BURCHELLS COURSER\2.jpg,CAPPED HERON
BURCHELLS COURSER\3.jpg,BURCHELLS COURSER
BURCHELLS COURSER\4.jpg,BURCHELLS COURSER
BURCHELLS COURSER\5.jpg,BURCHELLS COURSER
BUSH TURKEY\1.jpg,BUSH TURKEY
BUSH TURKEY\2.jpg,BUSH TURKEY
BUSH TURKEY\3.jpg,BUSH TURKEY
BUSH TURKEY\4.jpg,BUSH TURKEY
BUSH TURKEY\5.jpg,BUSH TURKEY
CAATINGA CACHOLOTE\1.jpg,HEPATIC TANAGER
CAATINGA CACHOLOTE\2.jpg,CAATINGA CACHOLOTE
CAATINGA CACHOLOTE\3.jpg,CAATINGA CACHOLOTE
CAATINGA CACHOLOTE\4.jpg,CAATINGA CACHOLOTE
CAATINGA CACHOLOTE\5.jpg,CAATINGA CACHOLOTE
CACTUS WREN\1.jpg,CACTUS WREN
CACTUS WREN\2.jpg,CACTUS WREN
CACTUS WREN\3.jpg,ABBOTTS BABBLER
CACTUS WREN\4.jpg,CHIPPING SPARROW
CACTUS WREN\5.jpg,CACTUS WREN
CALIFORNIA CONDOR\1.jpg,CALIFORNIA CONDOR
CALIFORNIA CONDOR\2.jpg,CALIFORNIA CONDOR
CALIFORNIA CONDOR\3.jpg,VEERY
CALIFORNIA CONDOR\4.jpg,CALIFORNIA CONDOR
CALIFORNIA CONDOR\5.jpg,BULWERS PHEASANT
CALIFORNIA GULL\1.jpg,CALIFORNIA GULL
CALIFORNIA GULL\2.jpg,CALIFORNIA GULL
CALIFORNIA GULL\3.jpg,CALIFORNIA GULL
CALIFORNIA GULL\4.jpg,CALIFORNIA GULL
CALIFORNIA GULL\5.jpg,CALIFORNIA GULL
CALIFORNIA QUAIL\1.jpg,CALIFORNIA QUAIL
CALIFORNIA QUAIL\2.jpg,CALIFORNIA QUAIL
CALIFORNIA QUAIL\3.jpg,CALIFORNIA QUAIL
CALIFORNIA QUAIL\4.jpg,CALIFORNIA QUAIL
CALIFORNIA QUAIL\5.jpg,CALIFORNIA QUAIL
CAMPO FLICKER\1.jpg,CAMPO FLICKER
CAMPO FLICKER\2.jpg,CAMPO FLICKER
CAMPO FLICKER\3.jpg,CAMPO FLICKER
CAMPO FLICKER\4.jpg,CAMPO FLICKER
CAMPO FLICKER\5.jpg,CAMPO FLICKER
CANARY\1.jpg,ANIANIAU
CANARY\2.jpg,CANARY
CANARY\3.jpg,ANIANIAU
CANARY\4.jpg,CANARY
CANARY\5.jpg,CANARY
CAPE GLOSSY STARLING\1.jpg,CAPE GLOSSY STARLING
CAPE GLOSSY STARLING\2.jpg,CAPE GLOSSY STARLING
CAPE GLOSSY STARLING\3.jpg,CAPE GLOSSY STARLING
CAPE GLOSSY STARLING\4.jpg,CAPE GLOSSY STARLING
CAPE GLOSSY STARLING\5.jpg,CAPE GLOSSY STARLING
CAPE LONGCLAW\1.jpg,CAPE LONGCLAW
CAPE LONGCLAW\2.jpg,CAPE LONGCLAW
CAPE LONGCLAW\3.jpg,CAPE LONGCLAW
CAPE LONGCLAW\4.jpg,CAPE LONGCLAW
CAPE LONGCLAW\5.jpg,CAPE LONGCLAW
CAPE MAY WARBLER\1.jpg,CAPE MAY WARBLER
CAPE MAY WARBLER\2.jpg,CAPE MAY WARBLER
CAPE MAY WARBLER\3.jpg,CAPE MAY WARBLER
CAPE MAY WARBLER\4.jpg,CAPE MAY WARBLER
CAPE MAY WARBLER\5.jpg,CAPE MAY WARBLER
CAPE ROCK THRUSH\1.jpg,CAPE ROCK THRUSH
CAPE ROCK THRUSH\2.jpg,CAPE ROCK THRUSH
CAPE ROCK THRUSH\3.jpg,CAPE ROCK THRUSH
CAPE ROCK THRUSH\4.jpg,CAPE ROCK THRUSH
CAPE ROCK THRUSH\5.jpg,CAPE ROCK THRUSH
CAPPED HERON\1.jpg,CAPPED HERON
CAPPED HERON\2.jpg,CAPPED HERON
CAPPED HERON\3.jpg,CAPPED HERON
CAPPED HERON\4.jpg,GREEN JAY
CAPPED HERON\5.jpg,CAPPED HERON
CAPUCHINBIRD\1.jpg,CAPUCHINBIRD
CAPUCHINBIRD\2.jpg,CAPUCHINBIRD
CAPUCHINBIRD\3.jpg,CAPUCHINBIRD
CAPUCHINBIRD\4.jpg,CAPUCHINBIRD
CAPUCHINBIRD\5.jpg,CAPUCHINBIRD
CARMINE BEE-EATER\1.jpg,CARMINE BEE-EATER
CARMINE BEE-EATER\2.jpg,CARMINE BEE-EATER
CARMINE BEE-EATER\3.jpg,CARMINE BEE-EATER
CARMINE BEE-EATER\4.jpg,CARMINE BEE-EATER
CARMINE BEE-EATER\5.jpg,CARMINE BEE-EATER
CASPIAN TERN\1.jpg,CASPIAN TERN
CASPIAN TERN\2.jpg,CASPIAN TERN
CASPIAN TERN\3.jpg,CASPIAN TERN
CASPIAN TERN\4.jpg,INCA TERN
CASPIAN TERN\5.jpg,CASPIAN TERN
CASSOWARY\1.jpg,CASSOWARY
CASSOWARY\2.jpg,CASSOWARY
CASSOWARY\3.jpg,CASSOWARY
CASSOWARY\4.jpg,CASSOWARY
CASSOWARY\5.jpg,CASSOWARY
CEDAR WAXWING\1.jpg,CEDAR WAXWING
CEDAR WAXWING\2.jpg,CEDAR WAXWING
CEDAR WAXWING\3.jpg,CEDAR WAXWING
CEDAR WAXWING\4.jpg,CEDAR WAXWING
CEDAR WAXWING\5.jpg,CEDAR WAXWING
CERULEAN WARBLER\1.jpg,CERULEAN WARBLER
CERULEAN WARBLER\2.jpg,CERULEAN WARBLER
CERULEAN WARBLER\3.jpg,BELTED KINGFISHER
CERULEAN WARBLER\4.jpg,CERULEAN WARBLER
CERULEAN WARBLER\5.jpg,CERULEAN WARBLER
CHARA DE COLLAR\1.jpg,PURPLE MARTIN
CHARA DE COLLAR\2.jpg,CHARA DE COLLAR
CHARA DE COLLAR\3.jpg,CHARA DE COLLAR
CHARA DE COLLAR\4.jpg,AZURE TANAGER
CHARA DE COLLAR\5.jpg,CHARA DE COLLAR
CHATTERING LORY\1.jpg,CHATTERING LORY
CHATTERING LORY\2.jpg,CHATTERING LORY
CHATTERING LORY\3.jpg,CHATTERING LORY
CHATTERING LORY\4.jpg,CHATTERING LORY
CHATTERING LORY\5.jpg,CHATTERING LORY
CHESTNET BELLIED EUPHONIA\1.jpg,CHESTNET BELLIED EUPHONIA
CHESTNET BELLIED EUPHONIA\2.jpg,CHESTNET BELLIED EUPHONIA
CHESTNET BELLIED EUPHONIA\3.jpg,CHESTNET BELLIED EUPHONIA
CHESTNET BELLIED EUPHONIA\4.jpg,CHESTNET BELLIED EUPHONIA
CHESTNET BELLIED EUPHONIA\5.jpg,CHESTNET BELLIED EUPHONIA
CHINESE BAMBOO PARTRIDGE\1.jpg,CHINESE BAMBOO PARTRIDGE
CHINESE BAMBOO PARTRIDGE\2.jpg,CHINESE BAMBOO PARTRIDGE
CHINESE BAMBOO PARTRIDGE\3.jpg,CHINESE BAMBOO PARTRIDGE
CHINESE BAMBOO PARTRIDGE\4.jpg,CHINESE BAMBOO PARTRIDGE
CHINESE BAMBOO PARTRIDGE\5.jpg,CHINESE BAMBOO PARTRIDGE
CHINESE POND HERON\1.jpg,ROADRUNNER
CHINESE POND HERON\2.jpg,CHINESE POND HERON
CHINESE POND HERON\3.jpg,CHINESE POND HERON
CHINESE POND HERON\4.jpg,CHINESE POND HERON
CHINESE POND HERON\5.jpg,CHINESE POND HERON
CHIPPING SPARROW\1.jpg,CHIPPING SPARROW
CHIPPING SPARROW\2.jpg,CHIPPING SPARROW
CHIPPING SPARROW\3.jpg,CHIPPING SPARROW
CHIPPING SPARROW\4.jpg,CHIPPING SPARROW
CHIPPING SPARROW\5.jpg,HOUSE SPARROW
CHUCAO TAPACULO\1.jpg,CHUCAO TAPACULO
CHUCAO TAPACULO\2.jpg,CHUCAO TAPACULO
CHUCAO TAPACULO\3.jpg,CHUCAO TAPACULO
CHUCAO TAPACULO\4.jpg,CHUCAO TAPACULO
CHUCAO TAPACULO\5.jpg,CHUCAO TAPACULO
CHUKAR PARTRIDGE\1.jpg,CHUKAR PARTRIDGE
CHUKAR PARTRIDGE\2.jpg,CHUKAR PARTRIDGE
CHUKAR PARTRIDGE\3.jpg,CHUKAR PARTRIDGE
CHUKAR PARTRIDGE\4.jpg,CHUKAR PARTRIDGE
CHUKAR PARTRIDGE\5.jpg,CHUKAR PARTRIDGE
CINNAMON ATTILA\1.jpg,CINNAMON ATTILA
CINNAMON ATTILA\2.jpg,CINNAMON ATTILA
CINNAMON ATTILA\3.jpg,CINNAMON ATTILA
CINNAMON ATTILA\4.jpg,CINNAMON ATTILA
CINNAMON ATTILA\5.jpg,CINNAMON ATTILA
CINNAMON FLYCATCHER\1.jpg,CINNAMON FLYCATCHER
CINNAMON FLYCATCHER\2.jpg,CINNAMON FLYCATCHER
CINNAMON FLYCATCHER\3.jpg,CINNAMON FLYCATCHER
CINNAMON FLYCATCHER\4.jpg,CINNAMON FLYCATCHER
CINNAMON FLYCATCHER\5.jpg,CINNAMON FLYCATCHER
CINNAMON TEAL\1.jpg,CINNAMON TEAL
CINNAMON TEAL\2.jpg,BAIKAL TEAL
CINNAMON TEAL\3.jpg,CINNAMON TEAL
CINNAMON TEAL\4.jpg,CINNAMON TEAL
CINNAMON TEAL\5.jpg,CINNAMON TEAL
CLARKS NUTCRACKER\1.jpg,CLARKS NUTCRACKER
CLARKS NUTCRACKER\2.jpg,CLARKS NUTCRACKER
CLARKS NUTCRACKER\3.jpg,CLARKS NUTCRACKER
CLARKS NUTCRACKER\4.jpg,CLARKS NUTCRACKER
CLARKS NUTCRACKER\5.jpg,CLARKS NUTCRACKER
COCK OF THE  ROCK\1.jpg,COCK OF THE  ROCK
COCK OF THE  ROCK\2.jpg,COCK OF THE  ROCK
COCK OF THE  ROCK\3.jpg,COCK OF THE  ROCK
COCK OF THE  ROCK\4.jpg,COCK OF THE  ROCK
COCK OF THE  ROCK\5.jpg,SCARLET TANAGER
COCKATOO\1.jpg,COCKATOO
COCKATOO\2.jpg,COCKATOO
COCKATOO\3.jpg,COCKATOO
COCKATOO\4.jpg,COCKATOO
COCKATOO\5.jpg,JABIRU
COLLARED ARACARI\1.jpg,COLLARED ARACARI
COLLARED ARACARI\2.jpg,COLLARED ARACARI
COLLARED ARACARI\3.jpg,COLLARED ARACARI
COLLARED ARACARI\4.jpg,COLLARED ARACARI
COLLARED ARACARI\5.jpg,COLLARED ARACARI
COMMON FIRECREST\1.jpg,COMMON FIRECREST
COMMON FIRECREST\2.jpg,COMMON FIRECREST
COMMON FIRECREST\3.jpg,COMMON FIRECREST
COMMON FIRECREST\4.jpg,COMMON FIRECREST
COMMON FIRECREST\5.jpg,ROYAL FLYCATCHER
COMMON GRACKLE\1.jpg,COMMON GRACKLE
COMMON GRACKLE\2.jpg,COMMON GRACKLE
COMMON GRACKLE\3.jpg,BLUE MALKOHA
COMMON GRACKLE\4.jpg,COMMON GRACKLE
COMMON GRACKLE\5.jpg,COMMON GRACKLE
COMMON HOUSE MARTIN\1.jpg,COMMON HOUSE MARTIN
COMMON HOUSE MARTIN\2.jpg,COMMON HOUSE MARTIN
COMMON HOUSE MARTIN\3.jpg,SAND MARTIN
COMMON HOUSE MARTIN\4.jpg,COMMON HOUSE MARTIN
COMMON HOUSE MARTIN\5.jpg,COMMON HOUSE MARTIN
COMMON IORA\1.jpg,CANARY
COMMON IORA\2.jpg,COMMON IORA
COMMON IORA\3.jpg,COMMON IORA
COMMON IORA\4.jpg,COMMON IORA
COMMON IORA\5.jpg,COMMON IORA
COMMON LOON\1.jpg,COMMON LOON
COMMON LOON\2.jpg,COMMON LOON
COMMON LOON\3.jpg,COMMON LOON
COMMON LOON\4.jpg,COMMON LOON
COMMON LOON\5.jpg,COMMON LOON
COMMON POORWILL\1.jpg,COMMON POORWILL
COMMON POORWILL\2.jpg,ELLIOTS  PHEASANT
COMMON POORWILL\3.jpg,COMMON POORWILL
COMMON POORWILL\4.jpg,CINNAMON TEAL
COMMON POORWILL\5.jpg,COMMON POORWILL
COMMON STARLING\1.jpg,COMMON STARLING
COMMON STARLING\2.jpg,COMMON STARLING
COMMON STARLING\3.jpg,COMMON STARLING
COMMON STARLING\4.jpg,COMMON STARLING
COMMON STARLING\5.jpg,COMMON STARLING
COPPERY TAILED COUCAL\1.jpg,COPPERY TAILED COUCAL
COPPERY TAILED COUCAL\2.jpg,COPPERY TAILED COUCAL
COPPERY TAILED COUCAL\3.jpg,COPPERY TAILED COUCAL
COPPERY TAILED COUCAL\4.jpg,COPPERY TAILED COUCAL
COPPERY TAILED COUCAL\5.jpg,COPPERY TAILED COUCAL
CRAB PLOVER\1.jpg,CRAB PLOVER
CRAB PLOVER\2.jpg,CRAB PLOVER
CRAB PLOVER\3.jpg,CRAB PLOVER
CRAB PLOVER\4.jpg,CRAB PLOVER
CRAB PLOVER\5.jpg,CRAB PLOVER
CRANE HAWK\1.jpg,CRANE HAWK
CRANE HAWK\2.jpg,CRANE HAWK
CRANE HAWK\3.jpg,CRANE HAWK
CRANE HAWK\4.jpg,CRANE HAWK
CRANE HAWK\5.jpg,CRANE HAWK
CREAM COLORED WOODPECKER\1.jpg,CREAM COLORED WOODPECKER
CREAM COLORED WOODPECKER\2.jpg,CREAM COLORED WOODPECKER
CREAM COLORED WOODPECKER\3.jpg,CREAM COLORED WOODPECKER
CREAM COLORED WOODPECKER\4.jpg,EVENING GROSBEAK
CREAM COLORED WOODPECKER\5.jpg,CREAM COLORED WOODPECKER
CRESTED AUKLET\1.jpg,CRESTED AUKLET
CRESTED AUKLET\2.jpg,CRESTED AUKLET
CRESTED AUKLET\3.jpg,CRESTED AUKLET
CRESTED AUKLET\4.jpg,CRESTED AUKLET
CRESTED AUKLET\5.jpg,CRESTED AUKLET
CRESTED CARACARA\1.jpg,CRESTED CARACARA
CRESTED CARACARA\2.jpg,CRESTED CARACARA
CRESTED CARACARA\3.jpg,CRESTED CARACARA
CRESTED CARACARA\4.jpg,CRESTED CARACARA
CRESTED CARACARA\5.jpg,CRESTED CARACARA
CRESTED COUA\1.jpg,TREE SWALLOW
CRESTED COUA\2.jpg,CRESTED COUA
CRESTED COUA\3.jpg,CRESTED COUA
CRESTED COUA\4.jpg,CRESTED COUA
CRESTED COUA\5.jpg,CRESTED COUA
CRESTED FIREBACK\1.jpg,CRESTED FIREBACK
CRESTED FIREBACK\2.jpg,CRESTED FIREBACK
CRESTED FIREBACK\3.jpg,CRESTED FIREBACK
CRESTED FIREBACK\4.jpg,PURPLE GALLINULE
CRESTED FIREBACK\5.jpg,CRESTED FIREBACK
CRESTED KINGFISHER\1.jpg,CRESTED KINGFISHER
CRESTED KINGFISHER\2.jpg,CRESTED KINGFISHER
CRESTED KINGFISHER\3.jpg,SKUA
CRESTED KINGFISHER\4.jpg,CRESTED KINGFISHER
CRESTED KINGFISHER\5.jpg,CRESTED KINGFISHER
CRESTED NUTHATCH\1.jpg,CRESTED NUTHATCH
CRESTED NUTHATCH\2.jpg,COPPERY TAILED COUCAL
CRESTED NUTHATCH\3.jpg,CRESTED NUTHATCH
CRESTED NUTHATCH\4.jpg,CRESTED NUTHATCH
CRESTED NUTHATCH\5.jpg,CRESTED NUTHATCH
CRESTED OROPENDOLA\1.jpg,CRESTED OROPENDOLA
CRESTED OROPENDOLA\2.jpg,CRESTED OROPENDOLA
CRESTED OROPENDOLA\3.jpg,CRESTED OROPENDOLA
CRESTED OROPENDOLA\4.jpg,CRESTED OROPENDOLA
CRESTED OROPENDOLA\5.jpg,CRESTED OROPENDOLA
CRESTED SHRIKETIT\1.jpg,CRESTED SHRIKETIT
CRESTED SHRIKETIT\2.jpg,CRESTED SHRIKETIT
CRESTED SHRIKETIT\3.jpg,CRESTED SHRIKETIT
CRESTED SHRIKETIT\4.jpg,CRESTED SHRIKETIT
CRESTED SHRIKETIT\5.jpg,CRESTED SHRIKETIT
CRIMSON CHAT\1.jpg,CRIMSON CHAT
CRIMSON CHAT\2.jpg,DARWINS FLYCATCHER
CRIMSON CHAT\3.jpg,CRIMSON CHAT
CRIMSON CHAT\4.jpg,HEPATIC TANAGER
CRIMSON CHAT\5.jpg,VERMILION FLYCATHER
CRIMSON SUNBIRD\1.jpg,CRIMSON SUNBIRD
CRIMSON SUNBIRD\2.jpg,CRIMSON SUNBIRD
CRIMSON SUNBIRD\3.jpg,CRIMSON SUNBIRD
CRIMSON SUNBIRD\4.jpg,CRIMSON SUNBIRD
CRIMSON SUNBIRD\5.jpg,CRIMSON SUNBIRD
CROW\1.jpg,CROW
CROW\2.jpg,CROW
CROW\3.jpg,BREWERS BLACKBIRD
CROW\4.jpg,CROW
CROW\5.jpg,CROW
CROWNED PIGEON\1.jpg,CROWNED PIGEON
CROWNED PIGEON\2.jpg,CROWNED PIGEON
CROWNED PIGEON\3.jpg,CROWNED PIGEON
CROWNED PIGEON\4.jpg,CROWNED PIGEON
CROWNED PIGEON\5.jpg,CROWNED PIGEON
CUBAN TODY\1.jpg,CUBAN TODY
CUBAN TODY\2.jpg,CUBAN TODY
CUBAN TODY\3.jpg,CUBAN TODY
CUBAN TODY\4.jpg,CUBAN TODY
CUBAN TODY\5.jpg,CUBAN TODY
CUBAN TROGON\1.jpg,CUBAN TROGON
CUBAN TROGON\2.jpg,CUBAN TROGON
CUBAN TROGON\3.jpg,CUBAN TROGON
CUBAN TROGON\4.jpg,CUBAN TROGON
CUBAN TROGON\5.jpg,CUBAN TROGON
CURL CRESTED ARACURI\1.jpg,CURL CRESTED ARACURI
CURL CRESTED ARACURI\2.jpg,CURL CRESTED ARACURI
CURL CRESTED ARACURI\3.jpg,CURL CRESTED ARACURI
CURL CRESTED ARACURI\4.jpg,CURL CRESTED ARACURI
CURL CRESTED ARACURI\5.jpg,CURL CRESTED ARACURI
D-ARNAUDS BARBET\1.jpg,D-ARNAUDS BARBET
D-ARNAUDS BARBET\2.jpg,D-ARNAUDS BARBET
D-ARNAUDS BARBET\3.jpg,D-ARNAUDS BARBET
D-ARNAUDS BARBET\4.jpg,D-ARNAUDS BARBET
D-ARNAUDS BARBET\5.jpg,D-ARNAUDS BARBET
DALMATIAN PELICAN\1.jpg,TRUMPTER SWAN
DALMATIAN PELICAN\2.jpg,DALMATIAN PELICAN
DALMATIAN PELICAN\3.jpg,DALMATIAN PELICAN
DALMATIAN PELICAN\4.jpg,DALMATIAN PELICAN
DALMATIAN PELICAN\5.jpg,DALMATIAN PELICAN
DARJEELING WOODPECKER\1.jpg,DARJEELING WOODPECKER
DARJEELING WOODPECKER\2.jpg,DOWNY WOODPECKER
DARJEELING WOODPECKER\3.jpg,DARJEELING WOODPECKER
DARJEELING WOODPECKER\4.jpg,DARJEELING WOODPECKER
DARJEELING WOODPECKER\5.jpg,DARJEELING WOODPECKER
DARK EYED JUNCO\1.jpg,DARK EYED JUNCO
DARK EYED JUNCO\2.jpg,AMERICAN PIPIT
DARK EYED JUNCO\3.jpg,DARK EYED JUNCO
DARK EYED JUNCO\4.jpg,DARK EYED JUNCO
DARK EYED JUNCO\5.jpg,DARK EYED JUNCO
DARWINS FLYCATCHER\1.jpg,DARWINS FLYCATCHER
DARWINS FLYCATCHER\2.jpg,DARWINS FLYCATCHER
DARWINS FLYCATCHER\3.jpg,DARWINS FLYCATCHER
DARWINS FLYCATCHER\4.jpg,VERMILION FLYCATHER
DARWINS FLYCATCHER\5.jpg,DARWINS FLYCATCHER
DAURIAN REDSTART\1.jpg,DAURIAN REDSTART
DAURIAN REDSTART\2.jpg,DAURIAN REDSTART
DAURIAN REDSTART\3.jpg,DAURIAN REDSTART
DAURIAN REDSTART\4.jpg,DAURIAN REDSTART
DAURIAN REDSTART\5.jpg,VEERY
DEMOISELLE CRANE\1.jpg,DEMOISELLE CRANE
DEMOISELLE CRANE\2.jpg,DEMOISELLE CRANE
DEMOISELLE CRANE\3.jpg,JABIRU
DEMOISELLE CRANE\4.jpg,DEMOISELLE CRANE
DEMOISELLE CRANE\5.jpg,DEMOISELLE CRANE
DOUBLE BARRED FINCH\1.jpg,DOUBLE BARRED FINCH
DOUBLE BARRED FINCH\2.jpg,DOUBLE BARRED FINCH
DOUBLE BARRED FINCH\3.jpg,DOUBLE BARRED FINCH
DOUBLE BARRED FINCH\4.jpg,DOUBLE BARRED FINCH
DOUBLE BARRED FINCH\5.jpg,DOUBLE BARRED FINCH
DOUBLE BRESTED CORMARANT\1.jpg,DOUBLE BRESTED CORMARANT
DOUBLE BRESTED CORMARANT\2.jpg,DOUBLE BRESTED CORMARANT
DOUBLE BRESTED CORMARANT\3.jpg,RED FACED CORMORANT
DOUBLE BRESTED CORMARANT\4.jpg,DOUBLE BRESTED CORMARANT
DOUBLE BRESTED CORMARANT\5.jpg,DOUBLE BRESTED CORMARANT
DOUBLE EYED FIG PARROT\1.jpg,DOUBLE EYED FIG PARROT
DOUBLE EYED FIG PARROT\2.jpg,DOUBLE EYED FIG PARROT
DOUBLE EYED FIG PARROT\3.jpg,DOUBLE EYED FIG PARROT
DOUBLE EYED FIG PARROT\4.jpg,DOUBLE EYED FIG PARROT
DOUBLE EYED FIG PARROT\5.jpg,DOUBLE EYED FIG PARROT
DOWNY WOODPECKER\1.jpg,DOWNY WOODPECKER
DOWNY WOODPECKER\2.jpg,DOWNY WOODPECKER
DOWNY WOODPECKER\3.jpg,DOWNY WOODPECKER
DOWNY WOODPECKER\4.jpg,DOWNY WOODPECKER
DOWNY WOODPECKER\5.jpg,DOWNY WOODPECKER
DUSKY LORY\1.jpg,DUSKY LORY
DUSKY LORY\2.jpg,DUSKY LORY
DUSKY LORY\3.jpg,DUSKY LORY
DUSKY LORY\4.jpg,DUSKY LORY
DUSKY LORY\5.jpg,DUSKY LORY
DUSKY ROBIN\1.jpg,DUSKY ROBIN
DUSKY ROBIN\2.jpg,GREY PLOVER
DUSKY ROBIN\3.jpg,DUSKY ROBIN
DUSKY ROBIN\4.jpg,DUSKY ROBIN
DUSKY ROBIN\5.jpg,DUSKY ROBIN
EARED PITA\1.jpg,EARED PITA
EARED PITA\2.jpg,EARED PITA
EARED PITA\3.jpg,EARED PITA
EARED PITA\4.jpg,EARED PITA
EARED PITA\5.jpg,EARED PITA
EASTERN BLUEBIRD\1.jpg,EASTERN BLUEBIRD
EASTERN BLUEBIRD\2.jpg,EASTERN BLUEBIRD
EASTERN BLUEBIRD\3.jpg,EASTERN BLUEBIRD
EASTERN BLUEBIRD\4.jpg,EASTERN BLUEBIRD
EASTERN BLUEBIRD\5.jpg,EASTERN BLUEBIRD
EASTERN BLUEBONNET\1.jpg,EASTERN BLUEBONNET
EASTERN BLUEBONNET\2.jpg,EASTERN BLUEBONNET
EASTERN BLUEBONNET\3.jpg,EASTERN BLUEBONNET
EASTERN BLUEBONNET\4.jpg,INDIAN VULTURE
EASTERN BLUEBONNET\5.jpg,EASTERN BLUEBONNET
EASTERN GOLDEN WEAVER\1.jpg,EASTERN GOLDEN WEAVER
EASTERN GOLDEN WEAVER\2.jpg,ANIANIAU
EASTERN GOLDEN WEAVER\3.jpg,EASTERN GOLDEN WEAVER
EASTERN GOLDEN WEAVER\4.jpg,EASTERN GOLDEN WEAVER
EASTERN GOLDEN WEAVER\5.jpg,EASTERN GOLDEN WEAVER
EASTERN MEADOWLARK\1.jpg,EASTERN MEADOWLARK
EASTERN MEADOWLARK\2.jpg,EASTERN MEADOWLARK
EASTERN MEADOWLARK\3.jpg,EASTERN MEADOWLARK
EASTERN MEADOWLARK\4.jpg,EASTERN MEADOWLARK
EASTERN MEADOWLARK\5.jpg,EASTERN MEADOWLARK
EASTERN ROSELLA\1.jpg,EASTERN ROSELLA
EASTERN ROSELLA\2.jpg,EASTERN ROSELLA
EASTERN ROSELLA\3.jpg,EASTERN ROSELLA
EASTERN ROSELLA\4.jpg,EASTERN ROSELLA
EASTERN ROSELLA\5.jpg,EASTERN ROSELLA
EASTERN TOWEE\1.jpg,EASTERN TOWEE
EASTERN TOWEE\2.jpg,MALEO
EASTERN TOWEE\3.jpg,EASTERN TOWEE
EASTERN TOWEE\4.jpg,EASTERN TOWEE
EASTERN TOWEE\5.jpg,EASTERN TOWEE
EASTERN WIP POOR WILL\1.jpg,EASTERN WIP POOR WILL
EASTERN WIP POOR WILL\2.jpg,EASTERN WIP POOR WILL
EASTERN WIP POOR WILL\3.jpg,EASTERN WIP POOR WILL
EASTERN WIP POOR WILL\4.jpg,EASTERN WIP POOR WILL
EASTERN WIP POOR WILL\5.jpg,EASTERN WIP POOR WILL
ECUADORIAN HILLSTAR\1.jpg,ECUADORIAN HILLSTAR
ECUADORIAN HILLSTAR\2.jpg,ECUADORIAN HILLSTAR
ECUADORIAN HILLSTAR\3.jpg,ECUADORIAN HILLSTAR
ECUADORIAN HILLSTAR\4.jpg,ECUADORIAN HILLSTAR
ECUADORIAN HILLSTAR\5.jpg,ECUADORIAN HILLSTAR
EGYPTIAN GOOSE\1.jpg,AFRICAN CROWNED CRANE
EGYPTIAN GOOSE\2.jpg,EGYPTIAN GOOSE
EGYPTIAN GOOSE\3.jpg,EGYPTIAN GOOSE
EGYPTIAN GOOSE\4.jpg,EGYPTIAN GOOSE
EGYPTIAN GOOSE\5.jpg,EGYPTIAN GOOSE
ELEGANT TROGON\1.jpg,ELEGANT TROGON
ELEGANT TROGON\2.jpg,ELEGANT TROGON
ELEGANT TROGON\3.jpg,ELEGANT TROGON
ELEGANT TROGON\4.jpg,ELEGANT TROGON
ELEGANT TROGON\5.jpg,ELEGANT TROGON
ELLIOTS  PHEASANT\1.jpg,ELLIOTS  PHEASANT
ELLIOTS  PHEASANT\2.jpg,ELLIOTS  PHEASANT
ELLIOTS  PHEASANT\3.jpg,ELLIOTS  PHEASANT
ELLIOTS  PHEASANT\4.jpg,ELLIOTS  PHEASANT
ELLIOTS  PHEASANT\5.jpg,ELLIOTS  PHEASANT
EMERALD TANAGER\1.jpg,EMERALD TANAGER
EMERALD TANAGER\2.jpg,EMERALD TANAGER
EMERALD TANAGER\3.jpg,EMERALD TANAGER
EMERALD TANAGER\4.jpg,EMERALD TANAGER
EMERALD TANAGER\5.jpg,EMERALD TANAGER
EMPEROR PENGUIN\1.jpg,EMPEROR PENGUIN
EMPEROR PENGUIN\2.jpg,EMPEROR PENGUIN
EMPEROR PENGUIN\3.jpg,EMPEROR PENGUIN
EMPEROR PENGUIN\4.jpg,EMPEROR PENGUIN
EMPEROR PENGUIN\5.jpg,EMPEROR PENGUIN
EMU\1.jpg,EMU
EMU\2.jpg,EMU
EMU\3.jpg,CINNAMON TEAL
EMU\4.jpg,EMU
EMU\5.jpg,EMU
ENGGANO MYNA\1.jpg,ENGGANO MYNA
ENGGANO MYNA\2.jpg,ENGGANO MYNA
ENGGANO MYNA\3.jpg,ENGGANO MYNA
ENGGANO MYNA\4.jpg,ENGGANO MYNA
ENGGANO MYNA\5.jpg,ENGGANO MYNA
EURASIAN BULLFINCH\1.jpg,EURASIAN BULLFINCH
EURASIAN BULLFINCH\2.jpg,EURASIAN BULLFINCH
EURASIAN BULLFINCH\3.jpg,EURASIAN BULLFINCH
EURASIAN BULLFINCH\4.jpg,IBERIAN MAGPIE
EURASIAN BULLFINCH\5.jpg,EURASIAN BULLFINCH
EURASIAN GOLDEN ORIOLE\1.jpg,EURASIAN GOLDEN ORIOLE
EURASIAN GOLDEN ORIOLE\2.jpg,EURASIAN GOLDEN ORIOLE
EURASIAN GOLDEN ORIOLE\3.jpg,EURASIAN GOLDEN ORIOLE
EURASIAN GOLDEN ORIOLE\4.jpg,EURASIAN GOLDEN ORIOLE
EURASIAN GOLDEN ORIOLE\5.jpg,EURASIAN GOLDEN ORIOLE
EURASIAN MAGPIE\1.jpg,EURASIAN MAGPIE
EURASIAN MAGPIE\2.jpg,EURASIAN MAGPIE
EURASIAN MAGPIE\3.jpg,EURASIAN MAGPIE
EURASIAN MAGPIE\4.jpg,EURASIAN MAGPIE
EURASIAN MAGPIE\5.jpg,EURASIAN MAGPIE
EUROPEAN GOLDFINCH\1.jpg,EUROPEAN GOLDFINCH
EUROPEAN GOLDFINCH\2.jpg,EUROPEAN GOLDFINCH
EUROPEAN GOLDFINCH\3.jpg,EUROPEAN GOLDFINCH
EUROPEAN GOLDFINCH\4.jpg,EVENING GROSBEAK
EUROPEAN GOLDFINCH\5.jpg,EUROPEAN GOLDFINCH
EUROPEAN TURTLE DOVE\1.jpg,EUROPEAN TURTLE DOVE
EUROPEAN TURTLE DOVE\2.jpg,EUROPEAN TURTLE DOVE
EUROPEAN TURTLE DOVE\3.jpg,EUROPEAN TURTLE DOVE
EUROPEAN TURTLE DOVE\4.jpg,EUROPEAN TURTLE DOVE
EUROPEAN TURTLE DOVE\5.jpg,EUROPEAN TURTLE DOVE
EVENING GROSBEAK\1.jpg,MOURNING DOVE
EVENING GROSBEAK\2.jpg,EVENING GROSBEAK
EVENING GROSBEAK\3.jpg,EVENING GROSBEAK
EVENING GROSBEAK\4.jpg,EVENING GROSBEAK
EVENING GROSBEAK\5.jpg,EVENING GROSBEAK
FAIRY BLUEBIRD\1.jpg,FAIRY BLUEBIRD
FAIRY BLUEBIRD\2.jpg,FAIRY BLUEBIRD
FAIRY BLUEBIRD\3.jpg,FAIRY BLUEBIRD
FAIRY BLUEBIRD\4.jpg,FAIRY BLUEBIRD
FAIRY BLUEBIRD\5.jpg,FAIRY BLUEBIRD
FAIRY PENGUIN\1.jpg,FAIRY PENGUIN
FAIRY PENGUIN\2.jpg,FAIRY PENGUIN
FAIRY PENGUIN\3.jpg,FAIRY PENGUIN
FAIRY PENGUIN\4.jpg,FAIRY PENGUIN
FAIRY PENGUIN\5.jpg,FAIRY PENGUIN
FAIRY TERN\1.jpg,CRAB PLOVER
FAIRY TERN\2.jpg,WHITE CHEEKED TURACO
FAIRY TERN\3.jpg,OYSTER CATCHER
FAIRY TERN\4.jpg,FAIRY TERN
FAIRY TERN\5.jpg,COCKATOO
FAN TAILED WIDOW\1.jpg,FAN TAILED WIDOW
FAN TAILED WIDOW\2.jpg,DARJEELING WOODPECKER
FAN TAILED WIDOW\3.jpg,RED WINGED BLACKBIRD
FAN TAILED WIDOW\4.jpg,FAN TAILED WIDOW
FAN TAILED WIDOW\5.jpg,FAN TAILED WIDOW
FASCIATED WREN\1.jpg,COMMON STARLING
FASCIATED WREN\2.jpg,EASTERN WIP POOR WILL
FASCIATED WREN\3.jpg,LARK BUNTING
FASCIATED WREN\4.jpg,FASCIATED WREN
FASCIATED WREN\5.jpg,FASCIATED WREN
FIERY MINIVET\1.jpg,FIERY MINIVET
FIERY MINIVET\2.jpg,FIERY MINIVET
FIERY MINIVET\3.jpg,FIERY MINIVET
FIERY MINIVET\4.jpg,FIERY MINIVET
FIERY MINIVET\5.jpg,FIERY MINIVET
FIORDLAND PENGUIN\1.jpg,FIORDLAND PENGUIN
FIORDLAND PENGUIN\2.jpg,FIORDLAND PENGUIN
FIORDLAND PENGUIN\3.jpg,FIORDLAND PENGUIN
FIORDLAND PENGUIN\4.jpg,FIORDLAND PENGUIN
FIORDLAND PENGUIN\5.jpg,FIORDLAND PENGUIN
FIRE TAILLED MYZORNIS\1.jpg,FIRE TAILLED MYZORNIS
FIRE TAILLED MYZORNIS\2.jpg,FIRE TAILLED MYZORNIS
FIRE TAILLED MYZORNIS\3.jpg,FIRE TAILLED MYZORNIS
FIRE TAILLED MYZORNIS\4.jpg,FIRE TAILLED MYZORNIS
FIRE TAILLED MYZORNIS\5.jpg,FIRE TAILLED MYZORNIS
FLAME BOWERBIRD\1.jpg,FLAME BOWERBIRD
FLAME BOWERBIRD\2.jpg,FLAME BOWERBIRD
FLAME BOWERBIRD\3.jpg,FLAME BOWERBIRD
FLAME BOWERBIRD\4.jpg,FLAME BOWERBIRD
FLAME BOWERBIRD\5.jpg,FLAME BOWERBIRD
FLAME TANAGER\1.jpg,FLAME TANAGER
FLAME TANAGER\2.jpg,FLAME TANAGER
FLAME TANAGER\3.jpg,FLAME TANAGER
FLAME TANAGER\4.jpg,FLAME TANAGER
FLAME TANAGER\5.jpg,FLAME TANAGER
FRIGATE\1.jpg,FRIGATE
FRIGATE\2.jpg,FRIGATE
FRIGATE\3.jpg,JABIRU
FRIGATE\4.jpg,FRIGATE
FRIGATE\5.jpg,FRIGATE
GAMBELS QUAIL\1.jpg,GAMBELS QUAIL
GAMBELS QUAIL\2.jpg,GAMBELS QUAIL
GAMBELS QUAIL\3.jpg,GAMBELS QUAIL
GAMBELS QUAIL\4.jpg,GAMBELS QUAIL
GAMBELS QUAIL\5.jpg,GAMBELS QUAIL
GANG GANG COCKATOO\1.jpg,GANG GANG COCKATOO
GANG GANG COCKATOO\2.jpg,GANG GANG COCKATOO
GANG GANG COCKATOO\3.jpg,CRIMSON SUNBIRD
GANG GANG COCKATOO\4.jpg,GANG GANG COCKATOO
GANG GANG COCKATOO\5.jpg,GANG GANG COCKATOO
GILA WOODPECKER\1.jpg,GILA WOODPECKER
GILA WOODPECKER\2.jpg,GAMBELS QUAIL
GILA WOODPECKER\3.jpg,GILA WOODPECKER
GILA WOODPECKER\4.jpg,GILA WOODPECKER
GILA WOODPECKER\5.jpg,BLONDE CRESTED WOODPECKER
GILDED FLICKER\1.jpg,NORTHERN FLICKER
GILDED FLICKER\2.jpg,GILDED FLICKER
GILDED FLICKER\3.jpg,GILDED FLICKER
GILDED FLICKER\4.jpg,GILDED FLICKER
GILDED FLICKER\5.jpg,GILDED FLICKER
GLOSSY IBIS\1.jpg,GLOSSY IBIS
GLOSSY IBIS\2.jpg,GLOSSY IBIS
GLOSSY IBIS\3.jpg,GLOSSY IBIS
GLOSSY IBIS\4.jpg,GLOSSY IBIS
GLOSSY IBIS\5.jpg,GLOSSY IBIS
GO AWAY BIRD\1.jpg,NOISY FRIARBIRD
GO AWAY BIRD\2.jpg,GO AWAY BIRD
GO AWAY BIRD\3.jpg,GO AWAY BIRD
GO AWAY BIRD\4.jpg,GO AWAY BIRD
GO AWAY BIRD\5.jpg,GO AWAY BIRD
GOLD WING WARBLER\1.jpg,GOLD WING WARBLER
GOLD WING WARBLER\2.jpg,GOLD WING WARBLER
GOLD WING WARBLER\3.jpg,GOLD WING WARBLER
GOLD WING WARBLER\4.jpg,GOLD WING WARBLER
GOLD WING WARBLER\5.jpg,GOLD WING WARBLER
GOLDEN BOWER BIRD\1.jpg,GOLDEN BOWER BIRD
GOLDEN BOWER BIRD\2.jpg,GOLDEN BOWER BIRD
GOLDEN BOWER BIRD\3.jpg,GOLDEN BOWER BIRD
GOLDEN BOWER BIRD\4.jpg,GOLDEN BOWER BIRD
GOLDEN BOWER BIRD\5.jpg,EASTERN GOLDEN WEAVER
GOLDEN CHEEKED WARBLER\1.jpg,GOLDEN CHEEKED WARBLER
GOLDEN CHEEKED WARBLER\2.jpg,GOLDEN CHEEKED WARBLER
GOLDEN CHEEKED WARBLER\3.jpg,GOLDEN CHEEKED WARBLER
GOLDEN CHEEKED WARBLER\4.jpg,GOLDEN CHEEKED WARBLER
GOLDEN CHEEKED WARBLER\5.jpg,GOLDEN CHEEKED WARBLER
GOLDEN CHLOROPHONIA\1.jpg,GOLDEN CHLOROPHONIA
GOLDEN CHLOROPHONIA\2.jpg,GOLDEN CHLOROPHONIA
GOLDEN CHLOROPHONIA\3.jpg,GOLDEN CHLOROPHONIA
GOLDEN CHLOROPHONIA\4.jpg,GOLDEN CHLOROPHONIA
GOLDEN CHLOROPHONIA\5.jpg,GOLDEN CHLOROPHONIA
GOLDEN EAGLE\1.jpg,GOLDEN EAGLE
GOLDEN EAGLE\2.jpg,GOLDEN EAGLE
GOLDEN EAGLE\3.jpg,GOLDEN EAGLE
GOLDEN EAGLE\4.jpg,GOLDEN EAGLE
GOLDEN EAGLE\5.jpg,GOLDEN EAGLE
GOLDEN PARAKEET\1.jpg,GOLDEN PARAKEET
GOLDEN PARAKEET\2.jpg,GOLDEN PARAKEET
GOLDEN PARAKEET\3.jpg,GOLDEN PARAKEET
GOLDEN PARAKEET\4.jpg,GOLDEN PARAKEET
GOLDEN PARAKEET\5.jpg,GOLDEN PARAKEET
GOLDEN PHEASANT\1.jpg,GOLDEN PHEASANT
GOLDEN PHEASANT\2.jpg,GOLDEN PHEASANT
GOLDEN PHEASANT\3.jpg,GOLDEN PHEASANT
GOLDEN PHEASANT\4.jpg,GOLDEN PHEASANT
GOLDEN PHEASANT\5.jpg,GOLDEN PHEASANT
GOLDEN PIPIT\1.jpg,GOLDEN PIPIT
GOLDEN PIPIT\2.jpg,GOLDEN PIPIT
GOLDEN PIPIT\3.jpg,GOLDEN PIPIT
GOLDEN PIPIT\4.jpg,GOLDEN PIPIT
GOLDEN PIPIT\5.jpg,GOLDEN PIPIT
GOULDIAN FINCH\1.jpg,GOULDIAN FINCH
GOULDIAN FINCH\2.jpg,GOULDIAN FINCH
GOULDIAN FINCH\3.jpg,GOULDIAN FINCH
GOULDIAN FINCH\4.jpg,GOULDIAN FINCH
GOULDIAN FINCH\5.jpg,GOULDIAN FINCH
GRANDALA\1.jpg,GRANDALA
GRANDALA\2.jpg,GRANDALA
GRANDALA\3.jpg,GRANDALA
GRANDALA\4.jpg,GRANDALA
GRANDALA\5.jpg,GRANDALA
GRAY CATBIRD\1.jpg,GRAY CATBIRD
GRAY CATBIRD\2.jpg,GRAY CATBIRD
GRAY CATBIRD\3.jpg,GRAY CATBIRD
GRAY CATBIRD\4.jpg,GRAY CATBIRD
GRAY CATBIRD\5.jpg,GRAY CATBIRD
GRAY KINGBIRD\1.jpg,GRAY KINGBIRD
GRAY KINGBIRD\2.jpg,GRAY KINGBIRD
GRAY KINGBIRD\3.jpg,GRAY KINGBIRD
GRAY KINGBIRD\4.jpg,TROPICAL KINGBIRD
GRAY KINGBIRD\5.jpg,GRAY KINGBIRD
GRAY PARTRIDGE\1.jpg,GRAY PARTRIDGE
GRAY PARTRIDGE\2.jpg,GRAY PARTRIDGE
GRAY PARTRIDGE\3.jpg,GRAY PARTRIDGE
GRAY PARTRIDGE\4.jpg,GRAY PARTRIDGE
GRAY PARTRIDGE\5.jpg,GRAY PARTRIDGE
GREAT GRAY OWL\1.jpg,GREAT GRAY OWL
GREAT GRAY OWL\2.jpg,GREAT GRAY OWL
GREAT GRAY OWL\3.jpg,GREAT GRAY OWL
GREAT GRAY OWL\4.jpg,GREAT GRAY OWL
GREAT GRAY OWL\5.jpg,GREAT GRAY OWL
GREAT JACAMAR\1.jpg,GREAT JACAMAR
GREAT JACAMAR\2.jpg,GREAT JACAMAR
GREAT JACAMAR\3.jpg,GREAT JACAMAR
GREAT JACAMAR\4.jpg,GREAT JACAMAR
GREAT JACAMAR\5.jpg,GREAT JACAMAR
GREAT KISKADEE\1.jpg,GREAT KISKADEE
GREAT KISKADEE\2.jpg,GREAT KISKADEE
GREAT KISKADEE\3.jpg,BLACK-CAPPED CHICKADEE
GREAT KISKADEE\4.jpg,GREAT KISKADEE
GREAT KISKADEE\5.jpg,GREAT KISKADEE
GREAT POTOO\1.jpg,GREAT POTOO
GREAT POTOO\2.jpg,RED TAILED HAWK
GREAT POTOO\3.jpg,LONG-EARED OWL
GREAT POTOO\4.jpg,GREAT POTOO
GREAT POTOO\5.jpg,KIWI
GREAT TINAMOU\1.jpg,GREAT TINAMOU
GREAT TINAMOU\2.jpg,GREAT TINAMOU
GREAT TINAMOU\3.jpg,GREAT TINAMOU
GREAT TINAMOU\4.jpg,GREAT TINAMOU
GREAT TINAMOU\5.jpg,VEERY
GREAT XENOPS\1.jpg,CAATINGA CACHOLOTE
GREAT XENOPS\2.jpg,JAPANESE ROBIN
GREAT XENOPS\3.jpg,GREAT XENOPS
GREAT XENOPS\4.jpg,GREAT XENOPS
GREAT XENOPS\5.jpg,GREAT XENOPS
GREATER PEWEE\1.jpg,GREATER PEWEE
GREATER PEWEE\2.jpg,GREATER PEWEE
GREATER PEWEE\3.jpg,GREATER PEWEE
GREATER PEWEE\4.jpg,CALIFORNIA QUAIL
GREATER PEWEE\5.jpg,GREATER PEWEE
GREATOR SAGE GROUSE\1.jpg,GREATOR SAGE GROUSE
GREATOR SAGE GROUSE\2.jpg,GREATOR SAGE GROUSE
GREATOR SAGE GROUSE\3.jpg,GREATOR SAGE GROUSE
GREATOR SAGE GROUSE\4.jpg,GREATOR SAGE GROUSE
GREATOR SAGE GROUSE\5.jpg,GREATOR SAGE GROUSE
GREEN BROADBILL\1.jpg,GREEN BROADBILL
GREEN BROADBILL\2.jpg,GREEN BROADBILL
GREEN BROADBILL\3.jpg,GREEN BROADBILL
GREEN BROADBILL\4.jpg,GREEN BROADBILL
GREEN BROADBILL\5.jpg,GREEN BROADBILL
GREEN JAY\1.jpg,GREEN JAY
GREEN JAY\2.jpg,GREEN JAY
GREEN JAY\3.jpg,GREEN JAY
GREEN JAY\4.jpg,GREEN JAY
GREEN JAY\5.jpg,GREEN JAY
GREEN MAGPIE\1.jpg,GREEN MAGPIE
GREEN MAGPIE\2.jpg,GREEN MAGPIE
GREEN MAGPIE\3.jpg,GREEN MAGPIE
GREEN MAGPIE\4.jpg,GREEN MAGPIE
GREEN MAGPIE\5.jpg,GREEN MAGPIE
GREY CUCKOOSHRIKE\1.jpg,GREY CUCKOOSHRIKE
GREY CUCKOOSHRIKE\2.jpg,CLARKS NUTCRACKER
GREY CUCKOOSHRIKE\3.jpg,GREY CUCKOOSHRIKE
GREY CUCKOOSHRIKE\4.jpg,GREY CUCKOOSHRIKE
GREY CUCKOOSHRIKE\5.jpg,GREY CUCKOOSHRIKE
GREY PLOVER\1.jpg,GREY PLOVER
GREY PLOVER\2.jpg,GREY PLOVER
GREY PLOVER\3.jpg,WHIMBREL
GREY PLOVER\4.jpg,GREY PLOVER
GREY PLOVER\5.jpg,GREY PLOVER
GROVED BILLED ANI\1.jpg,GROVED BILLED ANI
GROVED BILLED ANI\2.jpg,GROVED BILLED ANI
GROVED BILLED ANI\3.jpg,GROVED BILLED ANI
GROVED BILLED ANI\4.jpg,GROVED BILLED ANI
GROVED BILLED ANI\5.jpg,GROVED BILLED ANI
GUINEA TURACO\1.jpg,GUINEA TURACO
GUINEA TURACO\2.jpg,GUINEA TURACO
GUINEA TURACO\3.jpg,GUINEA TURACO
GUINEA TURACO\4.jpg,GUINEA TURACO
GUINEA TURACO\5.jpg,GUINEA TURACO
GUINEAFOWL\1.jpg,GUINEAFOWL
GUINEAFOWL\2.jpg,GUINEAFOWL
GUINEAFOWL\3.jpg,GUINEAFOWL
GUINEAFOWL\4.jpg,GUINEAFOWL
GUINEAFOWL\5.jpg,GUINEAFOWL
GURNEYS PITTA\1.jpg,GURNEYS PITTA
GURNEYS PITTA\2.jpg,GURNEYS PITTA
GURNEYS PITTA\3.jpg,GURNEYS PITTA
GURNEYS PITTA\4.jpg,GURNEYS PITTA
GURNEYS PITTA\5.jpg,GURNEYS PITTA
GYRFALCON\1.jpg,SNOWY OWL
GYRFALCON\2.jpg,GYRFALCON
GYRFALCON\3.jpg,SNOWY OWL
GYRFALCON\4.jpg,GYRFALCON
GYRFALCON\5.jpg,GYRFALCON
HAMERKOP\1.jpg,HAMERKOP
HAMERKOP\2.jpg,HAMERKOP
HAMERKOP\3.jpg,BORNEAN PHEASANT
HAMERKOP\4.jpg,BARRED PUFFBIRD
HAMERKOP\5.jpg,SANDHILL CRANE
HARLEQUIN DUCK\1.jpg,HARLEQUIN DUCK
HARLEQUIN DUCK\2.jpg,HARLEQUIN DUCK
HARLEQUIN DUCK\3.jpg,HARLEQUIN DUCK
HARLEQUIN DUCK\4.jpg,HARLEQUIN DUCK
HARLEQUIN DUCK\5.jpg,HARLEQUIN DUCK
HARLEQUIN QUAIL\1.jpg,HARLEQUIN QUAIL
HARLEQUIN QUAIL\2.jpg,HARLEQUIN QUAIL
HARLEQUIN QUAIL\3.jpg,HARLEQUIN QUAIL
HARLEQUIN QUAIL\4.jpg,HARLEQUIN QUAIL
HARLEQUIN QUAIL\5.jpg,HARLEQUIN QUAIL
HARPY EAGLE\1.jpg,HARPY EAGLE
HARPY EAGLE\2.jpg,HARPY EAGLE
HARPY EAGLE\3.jpg,GREY CUCKOOSHRIKE
HARPY EAGLE\4.jpg,HARPY EAGLE
HARPY EAGLE\5.jpg,HARPY EAGLE
HAWAIIAN GOOSE\1.jpg,HAWAIIAN GOOSE
HAWAIIAN GOOSE\2.jpg,HAWAIIAN GOOSE
HAWAIIAN GOOSE\3.jpg,HAWAIIAN GOOSE
HAWAIIAN GOOSE\4.jpg,BAIKAL TEAL
HAWAIIAN GOOSE\5.jpg,HAWAIIAN GOOSE
HAWFINCH\1.jpg,HAWFINCH
HAWFINCH\2.jpg,HAWFINCH
HAWFINCH\3.jpg,HAWFINCH
HAWFINCH\4.jpg,HAWFINCH
HAWFINCH\5.jpg,HAWFINCH
HELMET VANGA\1.jpg,HELMET VANGA
HELMET VANGA\2.jpg,HELMET VANGA
HELMET VANGA\3.jpg,HELMET VANGA
HELMET VANGA\4.jpg,HELMET VANGA
HELMET VANGA\5.jpg,HELMET VANGA
HEPATIC TANAGER\1.jpg,HEPATIC TANAGER
HEPATIC TANAGER\2.jpg,HEPATIC TANAGER
HEPATIC TANAGER\3.jpg,HEPATIC TANAGER
HEPATIC TANAGER\4.jpg,COMMON IORA
HEPATIC TANAGER\5.jpg,HEPATIC TANAGER
HIMALAYAN BLUETAIL\1.jpg,HIMALAYAN BLUETAIL
HIMALAYAN BLUETAIL\2.jpg,HIMALAYAN BLUETAIL
HIMALAYAN BLUETAIL\3.jpg,HIMALAYAN BLUETAIL
HIMALAYAN BLUETAIL\4.jpg,HIMALAYAN BLUETAIL
HIMALAYAN BLUETAIL\5.jpg,HIMALAYAN BLUETAIL
HIMALAYAN MONAL\1.jpg,HIMALAYAN MONAL
HIMALAYAN MONAL\2.jpg,HIMALAYAN MONAL
HIMALAYAN MONAL\3.jpg,HIMALAYAN MONAL
HIMALAYAN MONAL\4.jpg,HIMALAYAN MONAL
HIMALAYAN MONAL\5.jpg,HIMALAYAN MONAL
HOATZIN\1.jpg,HOATZIN
HOATZIN\2.jpg,HOATZIN
HOATZIN\3.jpg,HOATZIN
HOATZIN\4.jpg,HOATZIN
HOATZIN\5.jpg,HOATZIN
HOODED MERGANSER\1.jpg,BANDED STILT
HOODED MERGANSER\2.jpg,HOODED MERGANSER
HOODED MERGANSER\3.jpg,HOODED MERGANSER
HOODED MERGANSER\4.jpg,HOODED MERGANSER
HOODED MERGANSER\5.jpg,HOODED MERGANSER
HOOPOES\1.jpg,HOOPOES
HOOPOES\2.jpg,HOOPOES
HOOPOES\3.jpg,HOOPOES
HOOPOES\4.jpg,HOOPOES
HOOPOES\5.jpg,HOOPOES
HORNED GUAN\1.jpg,HORNED GUAN
HORNED GUAN\2.jpg,HORNED GUAN
HORNED GUAN\3.jpg,HORNED GUAN
HORNED GUAN\4.jpg,HORNED GUAN
HORNED GUAN\5.jpg,HORNED GUAN
HORNED LARK\1.jpg,HORNED LARK
HORNED LARK\2.jpg,HORNED LARK
HORNED LARK\3.jpg,HORNED LARK
HORNED LARK\4.jpg,HORNED LARK
HORNED LARK\5.jpg,HORNED LARK
HORNED SUNGEM\1.jpg,HORNED SUNGEM
HORNED SUNGEM\2.jpg,HORNED SUNGEM
HORNED SUNGEM\3.jpg,HORNED SUNGEM
HORNED SUNGEM\4.jpg,HORNED SUNGEM
HORNED SUNGEM\5.jpg,HORNED SUNGEM
HOUSE FINCH\1.jpg,HOUSE FINCH
HOUSE FINCH\2.jpg,HOUSE FINCH
HOUSE FINCH\3.jpg,HOUSE FINCH
HOUSE FINCH\4.jpg,HOUSE FINCH
HOUSE FINCH\5.jpg,HOUSE FINCH
HOUSE SPARROW\1.jpg,HOUSE SPARROW
HOUSE SPARROW\2.jpg,HOUSE SPARROW
HOUSE SPARROW\3.jpg,HOUSE SPARROW
HOUSE SPARROW\4.jpg,HOUSE SPARROW
HOUSE SPARROW\5.jpg,HOUSE SPARROW
HYACINTH MACAW\1.jpg,HYACINTH MACAW
HYACINTH MACAW\2.jpg,HYACINTH MACAW
HYACINTH MACAW\3.jpg,HYACINTH MACAW
HYACINTH MACAW\4.jpg,HYACINTH MACAW
HYACINTH MACAW\5.jpg,HYACINTH MACAW
IBERIAN MAGPIE\1.jpg,LOGGERHEAD SHRIKE
IBERIAN MAGPIE\2.jpg,IBERIAN MAGPIE
IBERIAN MAGPIE\3.jpg,IBERIAN MAGPIE
IBERIAN MAGPIE\4.jpg,IBERIAN MAGPIE
IBERIAN MAGPIE\5.jpg,IBERIAN MAGPIE
IBISBILL\1.jpg,IBISBILL
IBISBILL\2.jpg,IBISBILL
IBISBILL\3.jpg,IBISBILL
IBISBILL\4.jpg,IBISBILL
IBISBILL\5.jpg,IBISBILL
IMPERIAL SHAQ\1.jpg,FIORDLAND PENGUIN
IMPERIAL SHAQ\2.jpg,MARABOU STORK
IMPERIAL SHAQ\3.jpg,FAN TAILED WIDOW
IMPERIAL SHAQ\4.jpg,IMPERIAL SHAQ
IMPERIAL SHAQ\5.jpg,RED FACED CORMORANT
INCA TERN\1.jpg,INCA TERN
INCA TERN\2.jpg,INCA TERN
INCA TERN\3.jpg,INCA TERN
INCA TERN\4.jpg,INCA TERN
INCA TERN\5.jpg,INCA TERN
INDIAN BUSTARD\1.jpg,INDIAN BUSTARD
INDIAN BUSTARD\2.jpg,INDIAN BUSTARD
INDIAN BUSTARD\3.jpg,INDIAN BUSTARD
INDIAN BUSTARD\4.jpg,INDIAN BUSTARD
INDIAN BUSTARD\5.jpg,INDIAN BUSTARD
INDIAN PITTA\1.jpg,INDIAN PITTA
INDIAN PITTA\2.jpg,INDIAN PITTA
INDIAN PITTA\3.jpg,INDIAN PITTA
INDIAN PITTA\4.jpg,INDIAN PITTA
INDIAN PITTA\5.jpg,INDIAN PITTA
INDIAN ROLLER\1.jpg,INDIAN ROLLER
INDIAN ROLLER\2.jpg,INDIAN ROLLER
INDIAN ROLLER\3.jpg,INDIAN ROLLER
INDIAN ROLLER\4.jpg,INDIAN ROLLER
INDIAN ROLLER\5.jpg,INDIAN ROLLER
INDIAN VULTURE\1.jpg,GREAT TINAMOU
INDIAN VULTURE\2.jpg,INDIAN VULTURE
INDIAN VULTURE\3.jpg,HAMERKOP
INDIAN VULTURE\4.jpg,INDIAN VULTURE
INDIAN VULTURE\5.jpg,INDIAN VULTURE
INDIGO BUNTING\1.jpg,INDIGO BUNTING
INDIGO BUNTING\2.jpg,INDIGO BUNTING
INDIGO BUNTING\3.jpg,INDIGO BUNTING
INDIGO BUNTING\4.jpg,INDIGO BUNTING
INDIGO BUNTING\5.jpg,INDIGO BUNTING
INDIGO FLYCATCHER\1.jpg,INDIGO FLYCATCHER
INDIGO FLYCATCHER\2.jpg,INDIGO FLYCATCHER
INDIGO FLYCATCHER\3.jpg,INDIGO FLYCATCHER
INDIGO FLYCATCHER\4.jpg,INDIGO FLYCATCHER
INDIGO FLYCATCHER\5.jpg,INDIGO FLYCATCHER
INLAND DOTTEREL\1.jpg,INLAND DOTTEREL
INLAND DOTTEREL\2.jpg,INLAND DOTTEREL
INLAND DOTTEREL\3.jpg,GURNEYS PITTA
INLAND DOTTEREL\4.jpg,SPOON BILED SANDPIPER
INLAND DOTTEREL\5.jpg,INLAND DOTTEREL
IVORY BILLED ARACARI\1.jpg,IVORY BILLED ARACARI
IVORY BILLED ARACARI\2.jpg,IVORY BILLED ARACARI
IVORY BILLED ARACARI\3.jpg,IVORY BILLED ARACARI
IVORY BILLED ARACARI\4.jpg,IVORY BILLED ARACARI
IVORY BILLED ARACARI\5.jpg,IVORY BILLED ARACARI
IVORY GULL\1.jpg,IVORY GULL
IVORY GULL\2.jpg,FAIRY TERN
IVORY GULL\3.jpg,IVORY GULL
IVORY GULL\4.jpg,IVORY GULL
IVORY GULL\5.jpg,IVORY GULL
IWI\1.jpg,COCK OF THE  ROCK
IWI\2.jpg,IWI
IWI\3.jpg,IWI
IWI\4.jpg,IWI
IWI\5.jpg,IWI
JABIRU\1.jpg,JABIRU
JABIRU\2.jpg,JABIRU
JABIRU\3.jpg,JABIRU
JABIRU\4.jpg,JABIRU
JABIRU\5.jpg,JABIRU
JACK SNIPE\1.jpg,JACK SNIPE
JACK SNIPE\2.jpg,JACK SNIPE
JACK SNIPE\3.jpg,JACK SNIPE
JACK SNIPE\4.jpg,JACK SNIPE
JACK SNIPE\5.jpg,JACK SNIPE
JANDAYA PARAKEET\1.jpg,JANDAYA PARAKEET
JANDAYA PARAKEET\2.jpg,JANDAYA PARAKEET
JANDAYA PARAKEET\3.jpg,JANDAYA PARAKEET
JANDAYA PARAKEET\4.jpg,RUFUOS MOTMOT
JANDAYA PARAKEET\5.jpg,JANDAYA PARAKEET
JAPANESE ROBIN\1.jpg,JAPANESE ROBIN
JAPANESE ROBIN\2.jpg,JAPANESE ROBIN
JAPANESE ROBIN\3.jpg,JAPANESE ROBIN
JAPANESE ROBIN\4.jpg,JAPANESE ROBIN
JAPANESE ROBIN\5.jpg,JAPANESE ROBIN
JAVA SPARROW\1.jpg,JAVA SPARROW
JAVA SPARROW\2.jpg,JAVA SPARROW
JAVA SPARROW\3.jpg,JAVA SPARROW
JAVA SPARROW\4.jpg,JAVA SPARROW
JAVA SPARROW\5.jpg,JAVA SPARROW
JOCOTOCO ANTPITTA\1.jpg,JOCOTOCO ANTPITTA
JOCOTOCO ANTPITTA\2.jpg,JOCOTOCO ANTPITTA
JOCOTOCO ANTPITTA\3.jpg,JOCOTOCO ANTPITTA
JOCOTOCO ANTPITTA\4.jpg,JOCOTOCO ANTPITTA
JOCOTOCO ANTPITTA\5.jpg,JOCOTOCO ANTPITTA
KAGU\1.jpg,KAGU
KAGU\2.jpg,KAGU
KAGU\3.jpg,KAGU
KAGU\4.jpg,EGYPTIAN GOOSE
KAGU\5.jpg,KAGU
KAKAPO\1.jpg,KAKAPO
KAKAPO\2.jpg,KAKAPO
KAKAPO\3.jpg,KAKAPO
KAKAPO\4.jpg,KAKAPO
KAKAPO\5.jpg,KAKAPO
KILLDEAR\1.jpg,KILLDEAR
KILLDEAR\2.jpg,KILLDEAR
KILLDEAR\3.jpg,KILLDEAR
KILLDEAR\4.jpg,KILLDEAR
KILLDEAR\5.jpg,NORTHERN JACANA
KING EIDER\1.jpg,KING EIDER
KING EIDER\2.jpg,KING EIDER
KING EIDER\3.jpg,GRAY PARTRIDGE
KING EIDER\4.jpg,KING EIDER
KING EIDER\5.jpg,MAGPIE GOOSE
KING VULTURE\1.jpg,KING VULTURE
KING VULTURE\2.jpg,KING VULTURE
KING VULTURE\3.jpg,KING VULTURE
KING VULTURE\4.jpg,KING VULTURE
KING VULTURE\5.jpg,RUFOUS KINGFISHER
KIWI\1.jpg,KIWI
KIWI\2.jpg,KIWI
KIWI\3.jpg,KIWI
KIWI\4.jpg,KIWI
KIWI\5.jpg,KIWI
KOOKABURRA\1.jpg,RED TAILED HAWK
KOOKABURRA\2.jpg,KOOKABURRA
KOOKABURRA\3.jpg,PHILIPPINE EAGLE
KOOKABURRA\4.jpg,KOOKABURRA
KOOKABURRA\5.jpg,KOOKABURRA
LARK BUNTING\1.jpg,LARK BUNTING
LARK BUNTING\2.jpg,LARK BUNTING
LARK BUNTING\3.jpg,LARK BUNTING
LARK BUNTING\4.jpg,LARK BUNTING
LARK BUNTING\5.jpg,LARK BUNTING
LAZULI BUNTING\1.jpg,LAZULI BUNTING
LAZULI BUNTING\2.jpg,LAZULI BUNTING
LAZULI BUNTING\3.jpg,LAZULI BUNTING
LAZULI BUNTING\4.jpg,LAZULI BUNTING
LAZULI BUNTING\5.jpg,LAZULI BUNTING
LESSER ADJUTANT\1.jpg,LESSER ADJUTANT
LESSER ADJUTANT\2.jpg,LESSER ADJUTANT
LESSER ADJUTANT\3.jpg,LESSER ADJUTANT
LESSER ADJUTANT\4.jpg,LESSER ADJUTANT
LESSER ADJUTANT\5.jpg,STRIPED OWL
LILAC ROLLER\1.jpg,HIMALAYAN MONAL
LILAC ROLLER\2.jpg,LILAC ROLLER
LILAC ROLLER\3.jpg,LILAC ROLLER
LILAC ROLLER\4.jpg,LILAC ROLLER
LILAC ROLLER\5.jpg,LILAC ROLLER
LITTLE AUK\1.jpg,LITTLE AUK
LITTLE AUK\2.jpg,LITTLE AUK
LITTLE AUK\3.jpg,LITTLE AUK
LITTLE AUK\4.jpg,LITTLE AUK
LITTLE AUK\5.jpg,LITTLE AUK
LOGGERHEAD SHRIKE\1.jpg,LOGGERHEAD SHRIKE
LOGGERHEAD SHRIKE\2.jpg,TREE SWALLOW
LOGGERHEAD SHRIKE\3.jpg,EURASIAN BULLFINCH
LOGGERHEAD SHRIKE\4.jpg,LOGGERHEAD SHRIKE
LOGGERHEAD SHRIKE\5.jpg,UMBRELLA BIRD
LONG-EARED OWL\1.jpg,LONG-EARED OWL
LONG-EARED OWL\2.jpg,LONG-EARED OWL
LONG-EARED OWL\3.jpg,LONG-EARED OWL
LONG-EARED OWL\4.jpg,RED TAILED HAWK
LONG-EARED OWL\5.jpg,EUROPEAN TURTLE DOVE
MAGPIE GOOSE\1.jpg,MAGPIE GOOSE
MAGPIE GOOSE\2.jpg,MAGPIE GOOSE
MAGPIE GOOSE\3.jpg,MAGPIE GOOSE
MAGPIE GOOSE\4.jpg,MAGPIE GOOSE
MAGPIE GOOSE\5.jpg,MAGPIE GOOSE
MALABAR HORNBILL\1.jpg,MALABAR HORNBILL
MALABAR HORNBILL\2.jpg,MALABAR HORNBILL
MALABAR HORNBILL\3.jpg,MALABAR HORNBILL
MALABAR HORNBILL\4.jpg,MALABAR HORNBILL
MALABAR HORNBILL\5.jpg,CHARA DE COLLAR
MALACHITE KINGFISHER\1.jpg,MALACHITE KINGFISHER
MALACHITE KINGFISHER\2.jpg,MALACHITE KINGFISHER
MALACHITE KINGFISHER\3.jpg,MALACHITE KINGFISHER
MALACHITE KINGFISHER\4.jpg,PYGMY KINGFISHER
MALACHITE KINGFISHER\5.jpg,MALACHITE KINGFISHER
MALAGASY WHITE EYE\1.jpg,MALAGASY WHITE EYE
MALAGASY WHITE EYE\2.jpg,MALAGASY WHITE EYE
MALAGASY WHITE EYE\3.jpg,MALAGASY WHITE EYE
MALAGASY WHITE EYE\4.jpg,ANIANIAU
MALAGASY WHITE EYE\5.jpg,MALAGASY WHITE EYE
MALEO\1.jpg,MALEO
MALEO\2.jpg,MALEO
MALEO\3.jpg,MALEO
MALEO\4.jpg,MALEO
MALEO\5.jpg,MALEO
MALLARD DUCK\1.jpg,MALLARD DUCK
MALLARD DUCK\2.jpg,MALLARD DUCK
MALLARD DUCK\3.jpg,MALLARD DUCK
MALLARD DUCK\4.jpg,MALLARD DUCK
MALLARD DUCK\5.jpg,MALLARD DUCK
MANDRIN DUCK\1.jpg,MANDRIN DUCK
MANDRIN DUCK\2.jpg,MANDRIN DUCK
MANDRIN DUCK\3.jpg,MANDRIN DUCK
MANDRIN DUCK\4.jpg,MANDRIN DUCK
MANDRIN DUCK\5.jpg,MANDRIN DUCK
MANGROVE CUCKOO\1.jpg,EMERALD TANAGER
MANGROVE CUCKOO\2.jpg,MANGROVE CUCKOO
MANGROVE CUCKOO\3.jpg,MANGROVE CUCKOO
MANGROVE CUCKOO\4.jpg,MANGROVE CUCKOO
MANGROVE CUCKOO\5.jpg,MANGROVE CUCKOO
MARABOU STORK\1.jpg,JABIRU
MARABOU STORK\2.jpg,MARABOU STORK
MARABOU STORK\3.jpg,MARABOU STORK
MARABOU STORK\4.jpg,MARABOU STORK
MARABOU STORK\5.jpg,MARABOU STORK
MASKED BOOBY\1.jpg,MASKED BOOBY
MASKED BOOBY\2.jpg,MASKED BOOBY
MASKED BOOBY\3.jpg,MASKED BOOBY
MASKED BOOBY\4.jpg,MASKED BOOBY
MASKED BOOBY\5.jpg,MASKED BOOBY
MASKED LAPWING\1.jpg,MASKED LAPWING
MASKED LAPWING\2.jpg,MASKED LAPWING
MASKED LAPWING\3.jpg,IMPERIAL SHAQ
MASKED LAPWING\4.jpg,WATTLED LAPWING
MASKED LAPWING\5.jpg,BALTIMORE ORIOLE
MCKAYS BUNTING\1.jpg,MCKAYS BUNTING
MCKAYS BUNTING\2.jpg,MCKAYS BUNTING
MCKAYS BUNTING\3.jpg,CRAB PLOVER
MCKAYS BUNTING\4.jpg,HORNED LARK
MCKAYS BUNTING\5.jpg,AUSTRAL CANASTERO
MIKADO  PHEASANT\1.jpg,RED WINGED BLACKBIRD
MIKADO  PHEASANT\2.jpg,MIKADO  PHEASANT
MIKADO  PHEASANT\3.jpg,MIKADO  PHEASANT
MIKADO  PHEASANT\4.jpg,MIKADO  PHEASANT
MIKADO  PHEASANT\5.jpg,MIKADO  PHEASANT
MOURNING DOVE\1.jpg,MOURNING DOVE
MOURNING DOVE\2.jpg,VEERY
MOURNING DOVE\3.jpg,MOURNING DOVE
MOURNING DOVE\4.jpg,MOURNING DOVE
MOURNING DOVE\5.jpg,MOURNING DOVE
MYNA\1.jpg,MYNA
MYNA\2.jpg,MYNA
MYNA\3.jpg,MYNA
MYNA\4.jpg,MYNA
MYNA\5.jpg,MYNA
NICOBAR PIGEON\1.jpg,NICOBAR PIGEON
NICOBAR PIGEON\2.jpg,NICOBAR PIGEON
NICOBAR PIGEON\3.jpg,NICOBAR PIGEON
NICOBAR PIGEON\4.jpg,NICOBAR PIGEON
NICOBAR PIGEON\5.jpg,NICOBAR PIGEON
NOISY FRIARBIRD\1.jpg,NOISY FRIARBIRD
NOISY FRIARBIRD\2.jpg,EMPEROR PENGUIN
NOISY FRIARBIRD\3.jpg,COLLARED ARACARI
NOISY FRIARBIRD\4.jpg,NOISY FRIARBIRD
NOISY FRIARBIRD\5.jpg,COLLARED ARACARI
NORTHERN BEARDLESS TYRANNULET\1.jpg,GREATER PEWEE
NORTHERN BEARDLESS TYRANNULET\2.jpg,GREATER PEWEE
NORTHERN BEARDLESS TYRANNULET\3.jpg,NORTHERN BEARDLESS TYRANNULET
NORTHERN BEARDLESS TYRANNULET\4.jpg,NORTHERN BEARDLESS TYRANNULET
NORTHERN BEARDLESS TYRANNULET\5.jpg,NORTHERN BEARDLESS TYRANNULET
NORTHERN CARDINAL\1.jpg,SCARLET TANAGER
NORTHERN CARDINAL\2.jpg,NORTHERN CARDINAL
NORTHERN CARDINAL\3.jpg,NORTHERN CARDINAL
NORTHERN CARDINAL\4.jpg,NORTHERN CARDINAL
NORTHERN CARDINAL\5.jpg,NORTHERN CARDINAL
NORTHERN FLICKER\1.jpg,NORTHERN FLICKER
NORTHERN FLICKER\2.jpg,NORTHERN FLICKER
NORTHERN FLICKER\3.jpg,NORTHERN FLICKER
NORTHERN FLICKER\4.jpg,NORTHERN FLICKER
NORTHERN FLICKER\5.jpg,NORTHERN FLICKER
NORTHERN FULMAR\1.jpg,NORTHERN FULMAR
NORTHERN FULMAR\2.jpg,CALIFORNIA GULL
NORTHERN FULMAR\3.jpg,NORTHERN FULMAR
NORTHERN FULMAR\4.jpg,NORTHERN FULMAR
NORTHERN FULMAR\5.jpg,MASKED BOOBY
NORTHERN GANNET\1.jpg,NORTHERN GANNET
NORTHERN GANNET\2.jpg,COCKATOO
NORTHERN GANNET\3.jpg,NORTHERN GANNET
NORTHERN GANNET\4.jpg,NORTHERN GANNET
NORTHERN GANNET\5.jpg,NORTHERN GANNET
NORTHERN GOSHAWK\1.jpg,GYRFALCON
NORTHERN GOSHAWK\2.jpg,NORTHERN GOSHAWK
NORTHERN GOSHAWK\3.jpg,BLUE GROUSE
NORTHERN GOSHAWK\4.jpg,NORTHERN GOSHAWK
NORTHERN GOSHAWK\5.jpg,BLUE GROUSE
NORTHERN JACANA\1.jpg,NORTHERN JACANA
NORTHERN JACANA\2.jpg,NORTHERN JACANA
NORTHERN JACANA\3.jpg,NORTHERN JACANA
NORTHERN JACANA\4.jpg,NORTHERN JACANA
NORTHERN JACANA\5.jpg,NORTHERN JACANA
NORTHERN MOCKINGBIRD\1.jpg,EASTERN BLUEBONNET
NORTHERN MOCKINGBIRD\2.jpg,NORTHERN BEARDLESS TYRANNULET
NORTHERN MOCKINGBIRD\3.jpg,NORTHERN BEARDLESS TYRANNULET
NORTHERN MOCKINGBIRD\4.jpg,NORTHERN MOCKINGBIRD
NORTHERN MOCKINGBIRD\5.jpg,BREWERS BLACKBIRD
NORTHERN PARULA\1.jpg,NORTHERN PARULA
NORTHERN PARULA\2.jpg,NORTHERN PARULA
NORTHERN PARULA\3.jpg,NORTHERN PARULA
NORTHERN PARULA\4.jpg,NORTHERN PARULA
NORTHERN PARULA\5.jpg,NORTHERN PARULA
NORTHERN RED BISHOP\1.jpg,NORTHERN RED BISHOP
NORTHERN RED BISHOP\2.jpg,NORTHERN RED BISHOP
NORTHERN RED BISHOP\3.jpg,YELLOW HEADED BLACKBIRD
NORTHERN RED BISHOP\4.jpg,NORTHERN RED BISHOP
NORTHERN RED BISHOP\5.jpg,NORTHERN RED BISHOP
NORTHERN SHOVELER\1.jpg,NORTHERN SHOVELER
NORTHERN SHOVELER\2.jpg,NORTHERN SHOVELER
NORTHERN SHOVELER\3.jpg,NORTHERN SHOVELER
NORTHERN SHOVELER\4.jpg,NORTHERN SHOVELER
NORTHERN SHOVELER\5.jpg,NORTHERN SHOVELER
OCELLATED TURKEY\1.jpg,OCELLATED TURKEY
OCELLATED TURKEY\2.jpg,OCELLATED TURKEY
OCELLATED TURKEY\3.jpg,OCELLATED TURKEY
OCELLATED TURKEY\4.jpg,OCELLATED TURKEY
OCELLATED TURKEY\5.jpg,OCELLATED TURKEY
OKINAWA RAIL\1.jpg,OKINAWA RAIL
OKINAWA RAIL\2.jpg,OKINAWA RAIL
OKINAWA RAIL\3.jpg,GILA WOODPECKER
OKINAWA RAIL\4.jpg,OKINAWA RAIL
OKINAWA RAIL\5.jpg,OKINAWA RAIL
ORANGE BRESTED BUNTING\1.jpg,ORANGE BRESTED BUNTING
ORANGE BRESTED BUNTING\2.jpg,ORANGE BRESTED BUNTING
ORANGE BRESTED BUNTING\3.jpg,ORANGE BRESTED BUNTING
ORANGE BRESTED BUNTING\4.jpg,ORANGE BRESTED BUNTING
ORANGE BRESTED BUNTING\5.jpg,ORANGE BRESTED BUNTING
ORIENTAL BAY OWL\1.jpg,ORIENTAL BAY OWL
ORIENTAL BAY OWL\2.jpg,ORIENTAL BAY OWL
ORIENTAL BAY OWL\3.jpg,ORIENTAL BAY OWL
ORIENTAL BAY OWL\4.jpg,ORIENTAL BAY OWL
ORIENTAL BAY OWL\5.jpg,ORIENTAL BAY OWL
OSPREY\1.jpg,OSPREY
OSPREY\2.jpg,POMARINE JAEGER
OSPREY\3.jpg,OSPREY
OSPREY\4.jpg,OSPREY
OSPREY\5.jpg,OSPREY
OSTRICH\1.jpg,OSTRICH
OSTRICH\2.jpg,OSTRICH
OSTRICH\3.jpg,OSTRICH
OSTRICH\4.jpg,OSTRICH
OSTRICH\5.jpg,OSTRICH
OVENBIRD\1.jpg,OVENBIRD
OVENBIRD\2.jpg,OVENBIRD
OVENBIRD\3.jpg,D-ARNAUDS BARBET
OVENBIRD\4.jpg,OVENBIRD
OVENBIRD\5.jpg,OVENBIRD
OYSTER CATCHER\1.jpg,OYSTER CATCHER
OYSTER CATCHER\2.jpg,OYSTER CATCHER
OYSTER CATCHER\3.jpg,OYSTER CATCHER
OYSTER CATCHER\4.jpg,OYSTER CATCHER
OYSTER CATCHER\5.jpg,BLACK-NECKED GREBE
PAINTED BUNTING\1.jpg,PAINTED BUNTING
PAINTED BUNTING\2.jpg,PAINTED BUNTING
PAINTED BUNTING\3.jpg,PAINTED BUNTING
PAINTED BUNTING\4.jpg,PAINTED BUNTING
PAINTED BUNTING\5.jpg,PAINTED BUNTING
PALILA\1.jpg,PALILA
PALILA\2.jpg,PALILA
PALILA\3.jpg,PALILA
PALILA\4.jpg,PALILA
PALILA\5.jpg,PALILA
PARADISE TANAGER\1.jpg,PARADISE TANAGER
PARADISE TANAGER\2.jpg,PARADISE TANAGER
PARADISE TANAGER\3.jpg,PARADISE TANAGER
PARADISE TANAGER\4.jpg,PARADISE TANAGER
PARADISE TANAGER\5.jpg,PARADISE TANAGER
PARAKETT  AKULET\1.jpg,PARAKETT  AKULET
PARAKETT  AKULET\2.jpg,PARAKETT  AKULET
PARAKETT  AKULET\3.jpg,PARAKETT  AKULET
PARAKETT  AKULET\4.jpg,PARAKETT  AKULET
PARAKETT  AKULET\5.jpg,PARAKETT  AKULET
PARUS MAJOR\1.jpg,PARUS MAJOR
PARUS MAJOR\2.jpg,PARUS MAJOR
PARUS MAJOR\3.jpg,PARUS MAJOR
PARUS MAJOR\4.jpg,PARUS MAJOR
PARUS MAJOR\5.jpg,PARUS MAJOR
PATAGONIAN SIERRA FINCH\1.jpg,PATAGONIAN SIERRA FINCH
PATAGONIAN SIERRA FINCH\2.jpg,PATAGONIAN SIERRA FINCH
PATAGONIAN SIERRA FINCH\3.jpg,PATAGONIAN SIERRA FINCH
PATAGONIAN SIERRA FINCH\4.jpg,PATAGONIAN SIERRA FINCH
PATAGONIAN SIERRA FINCH\5.jpg,PATAGONIAN SIERRA FINCH
PEACOCK\1.jpg,PEACOCK
PEACOCK\2.jpg,PEACOCK
PEACOCK\3.jpg,PEACOCK
PEACOCK\4.jpg,PEACOCK
PEACOCK\5.jpg,PEACOCK
PEREGRINE FALCON\1.jpg,PEREGRINE FALCON
PEREGRINE FALCON\2.jpg,PEREGRINE FALCON
PEREGRINE FALCON\3.jpg,PEREGRINE FALCON
PEREGRINE FALCON\4.jpg,PEREGRINE FALCON
PEREGRINE FALCON\5.jpg,PEREGRINE FALCON
PHILIPPINE EAGLE\1.jpg,PHILIPPINE EAGLE
PHILIPPINE EAGLE\2.jpg,PHILIPPINE EAGLE
PHILIPPINE EAGLE\3.jpg,PHILIPPINE EAGLE
PHILIPPINE EAGLE\4.jpg,PHILIPPINE EAGLE
PHILIPPINE EAGLE\5.jpg,PHILIPPINE EAGLE
PINK ROBIN\1.jpg,PINK ROBIN
PINK ROBIN\2.jpg,PINK ROBIN
PINK ROBIN\3.jpg,PINK ROBIN
PINK ROBIN\4.jpg,PINK ROBIN
PINK ROBIN\5.jpg,PINK ROBIN
POMARINE JAEGER\1.jpg,POMARINE JAEGER
POMARINE JAEGER\2.jpg,MCKAYS BUNTING
POMARINE JAEGER\3.jpg,GO AWAY BIRD
POMARINE JAEGER\4.jpg,POMARINE JAEGER
POMARINE JAEGER\5.jpg,POMARINE JAEGER
PUFFIN\1.jpg,PUFFIN
PUFFIN\2.jpg,PUFFIN
PUFFIN\3.jpg,PUFFIN
PUFFIN\4.jpg,PUFFIN
PUFFIN\5.jpg,PUFFIN
PURPLE FINCH\1.jpg,PURPLE FINCH
PURPLE FINCH\2.jpg,CINNAMON TEAL
PURPLE FINCH\3.jpg,PURPLE FINCH
PURPLE FINCH\4.jpg,PURPLE FINCH
PURPLE FINCH\5.jpg,PURPLE FINCH
PURPLE GALLINULE\1.jpg,PURPLE GALLINULE
PURPLE GALLINULE\2.jpg,PURPLE GALLINULE
PURPLE GALLINULE\3.jpg,PURPLE GALLINULE
PURPLE GALLINULE\4.jpg,PURPLE GALLINULE
PURPLE GALLINULE\5.jpg,PURPLE GALLINULE
PURPLE MARTIN\1.jpg,PURPLE MARTIN
PURPLE MARTIN\2.jpg,PURPLE MARTIN
PURPLE MARTIN\3.jpg,PURPLE MARTIN
PURPLE MARTIN\4.jpg,PURPLE MARTIN
PURPLE MARTIN\5.jpg,PURPLE MARTIN
PURPLE SWAMPHEN\1.jpg,PURPLE GALLINULE
PURPLE SWAMPHEN\2.jpg,BLACK SWAN
PURPLE SWAMPHEN\3.jpg,PURPLE SWAMPHEN
PURPLE SWAMPHEN\4.jpg,PURPLE SWAMPHEN
PURPLE SWAMPHEN\5.jpg,PURPLE SWAMPHEN
PYGMY KINGFISHER\1.jpg,PYGMY KINGFISHER
PYGMY KINGFISHER\2.jpg,PYGMY KINGFISHER
PYGMY KINGFISHER\3.jpg,PYGMY KINGFISHER
PYGMY KINGFISHER\4.jpg,RUFOUS KINGFISHER
PYGMY KINGFISHER\5.jpg,PYGMY KINGFISHER
QUETZAL\1.jpg,QUETZAL
QUETZAL\2.jpg,QUETZAL
QUETZAL\3.jpg,QUETZAL
QUETZAL\4.jpg,QUETZAL
QUETZAL\5.jpg,QUETZAL
RAINBOW LORIKEET\1.jpg,RAINBOW LORIKEET
RAINBOW LORIKEET\2.jpg,RAINBOW LORIKEET
RAINBOW LORIKEET\3.jpg,RAINBOW LORIKEET
RAINBOW LORIKEET\4.jpg,RAINBOW LORIKEET
RAINBOW LORIKEET\5.jpg,RAINBOW LORIKEET
RAZORBILL\1.jpg,RAZORBILL
RAZORBILL\2.jpg,RAZORBILL
RAZORBILL\3.jpg,RAZORBILL
RAZORBILL\4.jpg,RAZORBILL
RAZORBILL\5.jpg,RAZORBILL
RED BEARDED BEE EATER\1.jpg,RED BEARDED BEE EATER
RED BEARDED BEE EATER\2.jpg,RED BEARDED BEE EATER
RED BEARDED BEE EATER\3.jpg,RED BEARDED BEE EATER
RED BEARDED BEE EATER\4.jpg,RED BEARDED BEE EATER
RED BEARDED BEE EATER\5.jpg,RED BEARDED BEE EATER
RED BELLIED PITTA\1.jpg,RED BELLIED PITTA
RED BELLIED PITTA\2.jpg,RED BELLIED PITTA
RED BELLIED PITTA\3.jpg,RED BELLIED PITTA
RED BELLIED PITTA\4.jpg,RED BELLIED PITTA
RED BELLIED PITTA\5.jpg,RED BELLIED PITTA
RED BROWED FINCH\1.jpg,RED BROWED FINCH
RED BROWED FINCH\2.jpg,RED BROWED FINCH
RED BROWED FINCH\3.jpg,RED FACED WARBLER
RED BROWED FINCH\4.jpg,RED BROWED FINCH
RED BROWED FINCH\5.jpg,RED BROWED FINCH
RED FACED CORMORANT\1.jpg,POMARINE JAEGER
RED FACED CORMORANT\2.jpg,RED FACED CORMORANT
RED FACED CORMORANT\3.jpg,RED FACED CORMORANT
RED FACED CORMORANT\4.jpg,RED FACED CORMORANT
RED FACED CORMORANT\5.jpg,RED FACED CORMORANT
RED FACED WARBLER\1.jpg,RED FACED WARBLER
RED FACED WARBLER\2.jpg,RED FACED WARBLER
RED FACED WARBLER\3.jpg,RED FACED WARBLER
RED FACED WARBLER\4.jpg,RED FACED WARBLER
RED FACED WARBLER\5.jpg,RED FACED WARBLER
RED FODY\1.jpg,RED FODY
RED FODY\2.jpg,RED FODY
RED FODY\3.jpg,RED FODY
RED FODY\4.jpg,VERMILION FLYCATHER
RED FODY\5.jpg,RED FODY
RED HEADED DUCK\1.jpg,RED HEADED DUCK
RED HEADED DUCK\2.jpg,RED HEADED DUCK
RED HEADED DUCK\3.jpg,RED HEADED DUCK
RED HEADED DUCK\4.jpg,RED HEADED DUCK
RED HEADED DUCK\5.jpg,RED HEADED DUCK
RED HEADED WOODPECKER\1.jpg,RED HEADED WOODPECKER
RED HEADED WOODPECKER\2.jpg,RED HEADED WOODPECKER
RED HEADED WOODPECKER\3.jpg,RED HEADED WOODPECKER
RED HEADED WOODPECKER\4.jpg,RED HEADED WOODPECKER
RED HEADED WOODPECKER\5.jpg,RED HEADED WOODPECKER
RED HONEY CREEPER\1.jpg,RED HONEY CREEPER
RED HONEY CREEPER\2.jpg,RED HONEY CREEPER
RED HONEY CREEPER\3.jpg,RED HONEY CREEPER
RED HONEY CREEPER\4.jpg,RED HONEY CREEPER
RED HONEY CREEPER\5.jpg,RED HONEY CREEPER
RED NAPED TROGON\1.jpg,RED NAPED TROGON
RED NAPED TROGON\2.jpg,RED NAPED TROGON
RED NAPED TROGON\3.jpg,RED NAPED TROGON
RED NAPED TROGON\4.jpg,RED NAPED TROGON
RED NAPED TROGON\5.jpg,RED NAPED TROGON
RED TAILED HAWK\1.jpg,RED TAILED HAWK
RED TAILED HAWK\2.jpg,RED TAILED HAWK
RED TAILED HAWK\3.jpg,RED TAILED HAWK
RED TAILED HAWK\4.jpg,RED TAILED HAWK
RED TAILED HAWK\5.jpg,RED TAILED HAWK
RED TAILED THRUSH\1.jpg,RED TAILED THRUSH
RED TAILED THRUSH\2.jpg,RED TAILED THRUSH
RED TAILED THRUSH\3.jpg,RED TAILED THRUSH
RED TAILED THRUSH\4.jpg,RED TAILED THRUSH
RED TAILED THRUSH\5.jpg,RED TAILED THRUSH
RED WINGED BLACKBIRD\1.jpg,RED WINGED BLACKBIRD
RED WINGED BLACKBIRD\2.jpg,RED WINGED BLACKBIRD
RED WINGED BLACKBIRD\3.jpg,RED WINGED BLACKBIRD
RED WINGED BLACKBIRD\4.jpg,RED WINGED BLACKBIRD
RED WINGED BLACKBIRD\5.jpg,RED WINGED BLACKBIRD
RED WISKERED BULBUL\1.jpg,RED WISKERED BULBUL
RED WISKERED BULBUL\2.jpg,RED WISKERED BULBUL
RED WISKERED BULBUL\3.jpg,RED WISKERED BULBUL
RED WISKERED BULBUL\4.jpg,RED WISKERED BULBUL
RED WISKERED BULBUL\5.jpg,RED WISKERED BULBUL
REGENT BOWERBIRD\1.jpg,REGENT BOWERBIRD
REGENT BOWERBIRD\2.jpg,REGENT BOWERBIRD
REGENT BOWERBIRD\3.jpg,REGENT BOWERBIRD
REGENT BOWERBIRD\4.jpg,REGENT BOWERBIRD
REGENT BOWERBIRD\5.jpg,REGENT BOWERBIRD
RING-NECKED PHEASANT\1.jpg,RING-NECKED PHEASANT
RING-NECKED PHEASANT\2.jpg,RING-NECKED PHEASANT
RING-NECKED PHEASANT\3.jpg,RING-NECKED PHEASANT
RING-NECKED PHEASANT\4.jpg,RING-NECKED PHEASANT
RING-NECKED PHEASANT\5.jpg,RING-NECKED PHEASANT
ROADRUNNER\1.jpg,ROADRUNNER
ROADRUNNER\2.jpg,ROADRUNNER
ROADRUNNER\3.jpg,ROADRUNNER
ROADRUNNER\4.jpg,ROADRUNNER
ROADRUNNER\5.jpg,ROADRUNNER
ROBIN\1.jpg,ROBIN
ROBIN\2.jpg,ROBIN
ROBIN\3.jpg,ROBIN
ROBIN\4.jpg,ROBIN
ROBIN\5.jpg,ROBIN
ROCK DOVE\1.jpg,ROCK DOVE
ROCK DOVE\2.jpg,ROCK DOVE
ROCK DOVE\3.jpg,ROCK DOVE
ROCK DOVE\4.jpg,GRAY PARTRIDGE
ROCK DOVE\5.jpg,ROCK DOVE
ROSY FACED LOVEBIRD\1.jpg,ROSY FACED LOVEBIRD
ROSY FACED LOVEBIRD\2.jpg,ROSY FACED LOVEBIRD
ROSY FACED LOVEBIRD\3.jpg,ROSY FACED LOVEBIRD
ROSY FACED LOVEBIRD\4.jpg,ROSY FACED LOVEBIRD
ROSY FACED LOVEBIRD\5.jpg,ROSY FACED LOVEBIRD
ROUGH LEG BUZZARD\1.jpg,BLACK COCKATO
ROUGH LEG BUZZARD\2.jpg,ROUGH LEG BUZZARD
ROUGH LEG BUZZARD\3.jpg,ROUGH LEG BUZZARD
ROUGH LEG BUZZARD\4.jpg,ROUGH LEG BUZZARD
ROUGH LEG BUZZARD\5.jpg,ROUGH LEG BUZZARD
ROYAL FLYCATCHER\1.jpg,ROYAL FLYCATCHER
ROYAL FLYCATCHER\2.jpg,ROYAL FLYCATCHER
ROYAL FLYCATCHER\3.jpg,ROYAL FLYCATCHER
ROYAL FLYCATCHER\4.jpg,ROYAL FLYCATCHER
ROYAL FLYCATCHER\5.jpg,ROYAL FLYCATCHER
RUBY THROATED HUMMINGBIRD\1.jpg,RUBY THROATED HUMMINGBIRD
RUBY THROATED HUMMINGBIRD\2.jpg,AMETHYST WOODSTAR
RUBY THROATED HUMMINGBIRD\3.jpg,RUBY THROATED HUMMINGBIRD
RUBY THROATED HUMMINGBIRD\4.jpg,RUBY THROATED HUMMINGBIRD
RUBY THROATED HUMMINGBIRD\5.jpg,ANNAS HUMMINGBIRD
RUDY KINGFISHER\1.jpg,RUDY KINGFISHER
RUDY KINGFISHER\2.jpg,RUDY KINGFISHER
RUDY KINGFISHER\3.jpg,RUDY KINGFISHER
RUDY KINGFISHER\4.jpg,RUDY KINGFISHER
RUDY KINGFISHER\5.jpg,RUDY KINGFISHER
RUFOUS KINGFISHER\1.jpg,RUFOUS KINGFISHER
RUFOUS KINGFISHER\2.jpg,RUFOUS KINGFISHER
RUFOUS KINGFISHER\3.jpg,RUFOUS KINGFISHER
RUFOUS KINGFISHER\4.jpg,RUFOUS KINGFISHER
RUFOUS KINGFISHER\5.jpg,RUFOUS KINGFISHER
RUFUOS MOTMOT\1.jpg,RUFUOS MOTMOT
RUFUOS MOTMOT\2.jpg,RUFUOS MOTMOT
RUFUOS MOTMOT\3.jpg,RUFUOS MOTMOT
RUFUOS MOTMOT\4.jpg,RUFUOS MOTMOT
RUFUOS MOTMOT\5.jpg,RUFUOS MOTMOT
SAMATRAN THRUSH\1.jpg,SAMATRAN THRUSH
SAMATRAN THRUSH\2.jpg,SAMATRAN THRUSH
SAMATRAN THRUSH\3.jpg,SAMATRAN THRUSH
SAMATRAN THRUSH\4.jpg,ASHY STORM PETREL
SAMATRAN THRUSH\5.jpg,SAMATRAN THRUSH
SAND MARTIN\1.jpg,SAND MARTIN
SAND MARTIN\2.jpg,SAND MARTIN
SAND MARTIN\3.jpg,COMMON HOUSE MARTIN
SAND MARTIN\4.jpg,VEERY
SAND MARTIN\5.jpg,SAND MARTIN
SANDHILL CRANE\1.jpg,ASIAN CRESTED IBIS
SANDHILL CRANE\2.jpg,SANDHILL CRANE
SANDHILL CRANE\3.jpg,BEARDED REEDLING
SANDHILL CRANE\4.jpg,IBISBILL
SANDHILL CRANE\5.jpg,INDIAN VULTURE
SATYR TRAGOPAN\1.jpg,SATYR TRAGOPAN
SATYR TRAGOPAN\2.jpg,SATYR TRAGOPAN
SATYR TRAGOPAN\3.jpg,SATYR TRAGOPAN
SATYR TRAGOPAN\4.jpg,SATYR TRAGOPAN
SATYR TRAGOPAN\5.jpg,SATYR TRAGOPAN
SCARLET CROWNED FRUIT DOVE\1.jpg,SCARLET CROWNED FRUIT DOVE
SCARLET CROWNED FRUIT DOVE\2.jpg,SCARLET CROWNED FRUIT DOVE
SCARLET CROWNED FRUIT DOVE\3.jpg,SCARLET CROWNED FRUIT DOVE
SCARLET CROWNED FRUIT DOVE\4.jpg,SCARLET CROWNED FRUIT DOVE
SCARLET CROWNED FRUIT DOVE\5.jpg,SCARLET CROWNED FRUIT DOVE
SCARLET IBIS\1.jpg,SCARLET IBIS
SCARLET IBIS\2.jpg,SCARLET IBIS
SCARLET IBIS\3.jpg,SCARLET IBIS
SCARLET IBIS\4.jpg,SCARLET IBIS
SCARLET IBIS\5.jpg,SPOONBILL
SCARLET MACAW\1.jpg,SCARLET MACAW
SCARLET MACAW\2.jpg,SCARLET MACAW
SCARLET MACAW\3.jpg,SCARLET MACAW
SCARLET MACAW\4.jpg,SCARLET MACAW
SCARLET MACAW\5.jpg,SCARLET MACAW
SCARLET TANAGER\1.jpg,SCARLET TANAGER
SCARLET TANAGER\2.jpg,SCARLET TANAGER
SCARLET TANAGER\3.jpg,SCARLET TANAGER
SCARLET TANAGER\4.jpg,VERMILION FLYCATHER
SCARLET TANAGER\5.jpg,SCARLET TANAGER
SHOEBILL\1.jpg,HARPY EAGLE
SHOEBILL\2.jpg,OSTRICH
SHOEBILL\3.jpg,SHOEBILL
SHOEBILL\4.jpg,SHOEBILL
SHOEBILL\5.jpg,SHOEBILL
SHORT BILLED DOWITCHER\1.jpg,SHORT BILLED DOWITCHER
SHORT BILLED DOWITCHER\2.jpg,SHORT BILLED DOWITCHER
SHORT BILLED DOWITCHER\3.jpg,SHORT BILLED DOWITCHER
SHORT BILLED DOWITCHER\4.jpg,SHORT BILLED DOWITCHER
SHORT BILLED DOWITCHER\5.jpg,SHORT BILLED DOWITCHER
SKUA\1.jpg,SKUA
SKUA\2.jpg,POMARINE JAEGER
SKUA\3.jpg,BLUE GROUSE
SKUA\4.jpg,HAMERKOP
SKUA\5.jpg,BROWN NOODY
SMITHS LONGSPUR\1.jpg,SMITHS LONGSPUR
SMITHS LONGSPUR\2.jpg,SMITHS LONGSPUR
SMITHS LONGSPUR\3.jpg,SMITHS LONGSPUR
SMITHS LONGSPUR\4.jpg,SMITHS LONGSPUR
SMITHS LONGSPUR\5.jpg,SMITHS LONGSPUR
SNOWY EGRET\1.jpg,SNOWY EGRET
SNOWY EGRET\2.jpg,SNOWY EGRET
SNOWY EGRET\3.jpg,SNOWY EGRET
SNOWY EGRET\4.jpg,SNOWY EGRET
SNOWY EGRET\5.jpg,SNOWY EGRET
SNOWY OWL\1.jpg,SNOWY OWL
SNOWY OWL\2.jpg,SNOWY OWL
SNOWY OWL\3.jpg,SNOWY OWL
SNOWY OWL\4.jpg,SNOWY OWL
SNOWY OWL\5.jpg,SNOWY OWL
SNOWY PLOVER\1.jpg,BAR-TAILED GODWIT
SNOWY PLOVER\2.jpg,SNOWY PLOVER
SNOWY PLOVER\3.jpg,SNOWY PLOVER
SNOWY PLOVER\4.jpg,SNOWY PLOVER
SNOWY PLOVER\5.jpg,SNOWY PLOVER
SORA\1.jpg,SORA
SORA\2.jpg,WHITE BROWED CRAKE
SORA\3.jpg,WHITE BROWED CRAKE
SORA\4.jpg,SORA
SORA\5.jpg,SORA
SPANGLED COTINGA\1.jpg,SPANGLED COTINGA
SPANGLED COTINGA\2.jpg,SPANGLED COTINGA
SPANGLED COTINGA\3.jpg,SPANGLED COTINGA
SPANGLED COTINGA\4.jpg,SPANGLED COTINGA
SPANGLED COTINGA\5.jpg,SPANGLED COTINGA
SPLENDID WREN\1.jpg,SPLENDID WREN
SPLENDID WREN\2.jpg,SPLENDID WREN
SPLENDID WREN\3.jpg,SPLENDID WREN
SPLENDID WREN\4.jpg,SPLENDID WREN
SPLENDID WREN\5.jpg,SPLENDID WREN
SPOON BILED SANDPIPER\1.jpg,GO AWAY BIRD
SPOON BILED SANDPIPER\2.jpg,SPOON BILED SANDPIPER
SPOON BILED SANDPIPER\3.jpg,SPOON BILED SANDPIPER
SPOON BILED SANDPIPER\4.jpg,SNOWY PLOVER
SPOON BILED SANDPIPER\5.jpg,SPOON BILED SANDPIPER
SPOONBILL\1.jpg,SPOONBILL
SPOONBILL\2.jpg,SPOONBILL
SPOONBILL\3.jpg,WHITE CHEEKED TURACO
SPOONBILL\4.jpg,SPOONBILL
SPOONBILL\5.jpg,AMERICAN FLAMINGO
SPOTTED CATBIRD\1.jpg,SPOTTED CATBIRD
SPOTTED CATBIRD\2.jpg,SPOTTED CATBIRD
SPOTTED CATBIRD\3.jpg,SPOTTED CATBIRD
SPOTTED CATBIRD\4.jpg,SPOTTED CATBIRD
SPOTTED CATBIRD\5.jpg,SPOTTED CATBIRD
SRI LANKA BLUE MAGPIE\1.jpg,SRI LANKA BLUE MAGPIE
SRI LANKA BLUE MAGPIE\2.jpg,SRI LANKA BLUE MAGPIE
SRI LANKA BLUE MAGPIE\3.jpg,SRI LANKA BLUE MAGPIE
SRI LANKA BLUE MAGPIE\4.jpg,SRI LANKA BLUE MAGPIE
SRI LANKA BLUE MAGPIE\5.jpg,SRI LANKA BLUE MAGPIE
STEAMER DUCK\1.jpg,STEAMER DUCK
STEAMER DUCK\2.jpg,STEAMER DUCK
STEAMER DUCK\3.jpg,STEAMER DUCK
STEAMER DUCK\4.jpg,STEAMER DUCK
STEAMER DUCK\5.jpg,STEAMER DUCK
STORK BILLED KINGFISHER\1.jpg,STORK BILLED KINGFISHER
STORK BILLED KINGFISHER\2.jpg,PYGMY KINGFISHER
STORK BILLED KINGFISHER\3.jpg,STORK BILLED KINGFISHER
STORK BILLED KINGFISHER\4.jpg,STORK BILLED KINGFISHER
STORK BILLED KINGFISHER\5.jpg,STORK BILLED KINGFISHER
STRAWBERRY FINCH\1.jpg,STRAWBERRY FINCH
STRAWBERRY FINCH\2.jpg,STRAWBERRY FINCH
STRAWBERRY FINCH\3.jpg,STRAWBERRY FINCH
STRAWBERRY FINCH\4.jpg,STRAWBERRY FINCH
STRAWBERRY FINCH\5.jpg,AVADAVAT
STRIPED OWL\1.jpg,STRIPED OWL
STRIPED OWL\2.jpg,STRIPED OWL
STRIPED OWL\3.jpg,HARPY EAGLE
STRIPED OWL\4.jpg,STRIPED OWL
STRIPED OWL\5.jpg,STRIPED OWL
STRIPPED MANAKIN\1.jpg,STRIPPED MANAKIN
STRIPPED MANAKIN\2.jpg,STRIPPED MANAKIN
STRIPPED MANAKIN\3.jpg,STRIPPED MANAKIN
STRIPPED MANAKIN\4.jpg,STRIPPED MANAKIN
STRIPPED MANAKIN\5.jpg,STRIPPED MANAKIN
STRIPPED SWALLOW\1.jpg,STRIPPED SWALLOW
STRIPPED SWALLOW\2.jpg,STRIPPED SWALLOW
STRIPPED SWALLOW\3.jpg,STRIPPED MANAKIN
STRIPPED SWALLOW\4.jpg,STRIPPED SWALLOW
STRIPPED SWALLOW\5.jpg,STRIPPED SWALLOW
SUPERB STARLING\1.jpg,SUPERB STARLING
SUPERB STARLING\2.jpg,SUPERB STARLING
SUPERB STARLING\3.jpg,SUPERB STARLING
SUPERB STARLING\4.jpg,SUPERB STARLING
SUPERB STARLING\5.jpg,SUPERB STARLING
SWINHOES PHEASANT\1.jpg,SWINHOES PHEASANT
SWINHOES PHEASANT\2.jpg,OKINAWA RAIL
SWINHOES PHEASANT\3.jpg,OKINAWA RAIL
SWINHOES PHEASANT\4.jpg,SWINHOES PHEASANT
SWINHOES PHEASANT\5.jpg,SWINHOES PHEASANT
TAILORBIRD\1.jpg,TAILORBIRD
TAILORBIRD\2.jpg,TAILORBIRD
TAILORBIRD\3.jpg,TAILORBIRD
TAILORBIRD\4.jpg,TAILORBIRD
TAILORBIRD\5.jpg,TAILORBIRD
TAIWAN MAGPIE\1.jpg,TAIWAN MAGPIE
TAIWAN MAGPIE\2.jpg,TAIWAN MAGPIE
TAIWAN MAGPIE\3.jpg,TAIWAN MAGPIE
TAIWAN MAGPIE\4.jpg,TAIWAN MAGPIE
TAIWAN MAGPIE\5.jpg,TAIWAN MAGPIE
TAKAHE\1.jpg,HORNED GUAN
TAKAHE\2.jpg,TAKAHE
TAKAHE\3.jpg,TAKAHE
TAKAHE\4.jpg,TAKAHE
TAKAHE\5.jpg,TAKAHE
TASMANIAN HEN\1.jpg,TASMANIAN HEN
TASMANIAN HEN\2.jpg,TASMANIAN HEN
TASMANIAN HEN\3.jpg,TASMANIAN HEN
TASMANIAN HEN\4.jpg,TASMANIAN HEN
TASMANIAN HEN\5.jpg,TASMANIAN HEN
TEAL DUCK\1.jpg,TEAL DUCK
TEAL DUCK\2.jpg,TEAL DUCK
TEAL DUCK\3.jpg,TEAL DUCK
TEAL DUCK\4.jpg,TEAL DUCK
TEAL DUCK\5.jpg,TEAL DUCK
TIT MOUSE\1.jpg,TIT MOUSE
TIT MOUSE\2.jpg,TIT MOUSE
TIT MOUSE\3.jpg,TIT MOUSE
TIT MOUSE\4.jpg,AMERICAN KESTREL
TIT MOUSE\5.jpg,TIT MOUSE
TOUCHAN\1.jpg,TOUCHAN
TOUCHAN\2.jpg,KING VULTURE
TOUCHAN\3.jpg,TOUCHAN
TOUCHAN\4.jpg,TOUCHAN
TOUCHAN\5.jpg,TOUCHAN
TOWNSENDS WARBLER\1.jpg,TOWNSENDS WARBLER
TOWNSENDS WARBLER\2.jpg,TOWNSENDS WARBLER
TOWNSENDS WARBLER\3.jpg,CANARY
TOWNSENDS WARBLER\4.jpg,TOWNSENDS WARBLER
TOWNSENDS WARBLER\5.jpg,TOWNSENDS WARBLER
TREE SWALLOW\1.jpg,TREE SWALLOW
TREE SWALLOW\2.jpg,TREE SWALLOW
TREE SWALLOW\3.jpg,TREE SWALLOW
TREE SWALLOW\4.jpg,TREE SWALLOW
TREE SWALLOW\5.jpg,TREE SWALLOW
TRICOLORED BLACKBIRD\1.jpg,TRICOLORED BLACKBIRD
TRICOLORED BLACKBIRD\2.jpg,TRICOLORED BLACKBIRD
TRICOLORED BLACKBIRD\3.jpg,TRICOLORED BLACKBIRD
TRICOLORED BLACKBIRD\4.jpg,TRICOLORED BLACKBIRD
TRICOLORED BLACKBIRD\5.jpg,RED WINGED BLACKBIRD
TROPICAL KINGBIRD\1.jpg,TROPICAL KINGBIRD
TROPICAL KINGBIRD\2.jpg,TROPICAL KINGBIRD
TROPICAL KINGBIRD\3.jpg,HEPATIC TANAGER
TROPICAL KINGBIRD\4.jpg,TROPICAL KINGBIRD
TROPICAL KINGBIRD\5.jpg,TROPICAL KINGBIRD
TRUMPTER SWAN\1.jpg,TRUMPTER SWAN
TRUMPTER SWAN\2.jpg,TRUMPTER SWAN
TRUMPTER SWAN\3.jpg,TRUMPTER SWAN
TRUMPTER SWAN\4.jpg,TRUMPTER SWAN
TRUMPTER SWAN\5.jpg,TRUMPTER SWAN
TURKEY VULTURE\1.jpg,TURKEY VULTURE
TURKEY VULTURE\2.jpg,SANDHILL CRANE
TURKEY VULTURE\3.jpg,TURKEY VULTURE
TURKEY VULTURE\4.jpg,TURKEY VULTURE
TURKEY VULTURE\5.jpg,TURKEY VULTURE
TURQUOISE MOTMOT\1.jpg,TURQUOISE MOTMOT
TURQUOISE MOTMOT\2.jpg,TURQUOISE MOTMOT
TURQUOISE MOTMOT\3.jpg,TURQUOISE MOTMOT
TURQUOISE MOTMOT\4.jpg,TURQUOISE MOTMOT
TURQUOISE MOTMOT\5.jpg,TURQUOISE MOTMOT
UMBRELLA BIRD\1.jpg,UMBRELLA BIRD
UMBRELLA BIRD\2.jpg,UMBRELLA BIRD
UMBRELLA BIRD\3.jpg,UMBRELLA BIRD
UMBRELLA BIRD\4.jpg,GROVED BILLED ANI
UMBRELLA BIRD\5.jpg,UMBRELLA BIRD
VARIED THRUSH\1.jpg,VARIED THRUSH
VARIED THRUSH\2.jpg,VARIED THRUSH
VARIED THRUSH\3.jpg,VARIED THRUSH
VARIED THRUSH\4.jpg,VARIED THRUSH
VARIED THRUSH\5.jpg,VARIED THRUSH
VEERY\1.jpg,AZARAS SPINETAIL
VEERY\2.jpg,VEERY
VEERY\3.jpg,VEERY
VEERY\4.jpg,VEERY
VEERY\5.jpg,VEERY
VENEZUELIAN TROUPIAL\1.jpg,VENEZUELIAN TROUPIAL
VENEZUELIAN TROUPIAL\2.jpg,YELLOW CACIQUE
VENEZUELIAN TROUPIAL\3.jpg,VENEZUELIAN TROUPIAL
VENEZUELIAN TROUPIAL\4.jpg,VENEZUELIAN TROUPIAL
VENEZUELIAN TROUPIAL\5.jpg,VENEZUELIAN TROUPIAL
VERMILION FLYCATHER\1.jpg,VERMILION FLYCATHER
VERMILION FLYCATHER\2.jpg,VERMILION FLYCATHER
VERMILION FLYCATHER\3.jpg,VERMILION FLYCATHER
VERMILION FLYCATHER\4.jpg,VERMILION FLYCATHER
VERMILION FLYCATHER\5.jpg,VERMILION FLYCATHER
VICTORIA CROWNED PIGEON\1.jpg,CROWNED PIGEON
VICTORIA CROWNED PIGEON\2.jpg,CROWNED PIGEON
VICTORIA CROWNED PIGEON\3.jpg,VICTORIA CROWNED PIGEON
VICTORIA CROWNED PIGEON\4.jpg,VICTORIA CROWNED PIGEON
VICTORIA CROWNED PIGEON\5.jpg,CROWNED PIGEON
VIOLET GREEN SWALLOW\1.jpg,VIOLET GREEN SWALLOW
VIOLET GREEN SWALLOW\2.jpg,VIOLET GREEN SWALLOW
VIOLET GREEN SWALLOW\3.jpg,VIOLET GREEN SWALLOW
VIOLET GREEN SWALLOW\4.jpg,VIOLET GREEN SWALLOW
VIOLET GREEN SWALLOW\5.jpg,VIOLET GREEN SWALLOW
VIOLET TURACO\1.jpg,VIOLET TURACO
VIOLET TURACO\2.jpg,VIOLET TURACO
VIOLET TURACO\3.jpg,VIOLET TURACO
VIOLET TURACO\4.jpg,VIOLET TURACO
VIOLET TURACO\5.jpg,VIOLET TURACO
VULTURINE GUINEAFOWL\1.jpg,VULTURINE GUINEAFOWL
VULTURINE GUINEAFOWL\2.jpg,VULTURINE GUINEAFOWL
VULTURINE GUINEAFOWL\3.jpg,VULTURINE GUINEAFOWL
VULTURINE GUINEAFOWL\4.jpg,GUINEAFOWL
VULTURINE GUINEAFOWL\5.jpg,VULTURINE GUINEAFOWL
WALL CREAPER\1.jpg,WALL CREAPER
WALL CREAPER\2.jpg,WALL CREAPER
WALL CREAPER\3.jpg,WALL CREAPER
WALL CREAPER\4.jpg,WALL CREAPER
WALL CREAPER\5.jpg,WALL CREAPER
WATTLED CURASSOW\1.jpg,WATTLED CURASSOW
WATTLED CURASSOW\2.jpg,WATTLED CURASSOW
WATTLED CURASSOW\3.jpg,WATTLED CURASSOW
WATTLED CURASSOW\4.jpg,WATTLED CURASSOW
WATTLED CURASSOW\5.jpg,WATTLED CURASSOW
WATTLED LAPWING\1.jpg,WATTLED LAPWING
WATTLED LAPWING\2.jpg,WATTLED LAPWING
WATTLED LAPWING\3.jpg,WATTLED LAPWING
WATTLED LAPWING\4.jpg,WATTLED LAPWING
WATTLED LAPWING\5.jpg,WATTLED LAPWING
WHIMBREL\1.jpg,WHIMBREL
WHIMBREL\2.jpg,WHIMBREL
WHIMBREL\3.jpg,WHIMBREL
WHIMBREL\4.jpg,WHIMBREL
WHIMBREL\5.jpg,SHORT BILLED DOWITCHER
WHITE BROWED CRAKE\1.jpg,SORA
WHITE BROWED CRAKE\2.jpg,WHITE BROWED CRAKE
WHITE BROWED CRAKE\3.jpg,WHITE BROWED CRAKE
WHITE BROWED CRAKE\4.jpg,WHITE BROWED CRAKE
WHITE BROWED CRAKE\5.jpg,WHITE BROWED CRAKE
WHITE CHEEKED TURACO\1.jpg,WHITE CHEEKED TURACO
WHITE CHEEKED TURACO\2.jpg,WHITE CHEEKED TURACO
WHITE CHEEKED TURACO\3.jpg,WHITE CHEEKED TURACO
WHITE CHEEKED TURACO\4.jpg,WHITE CHEEKED TURACO
WHITE CHEEKED TURACO\5.jpg,WHITE CHEEKED TURACO
WHITE CRESTED HORNBILL\1.jpg,WHITE CRESTED HORNBILL
WHITE CRESTED HORNBILL\2.jpg,FAIRY PENGUIN
WHITE CRESTED HORNBILL\3.jpg,WHITE CRESTED HORNBILL
WHITE CRESTED HORNBILL\4.jpg,WHITE CRESTED HORNBILL
WHITE CRESTED HORNBILL\5.jpg,CRESTED COUA
WHITE NECKED RAVEN\1.jpg,WHITE NECKED RAVEN
WHITE NECKED RAVEN\2.jpg,WHITE NECKED RAVEN
WHITE NECKED RAVEN\3.jpg,WHITE NECKED RAVEN
WHITE NECKED RAVEN\4.jpg,WHITE NECKED RAVEN
WHITE NECKED RAVEN\5.jpg,WHITE NECKED RAVEN
WHITE TAILED TROPIC\1.jpg,WHITE TAILED TROPIC
WHITE TAILED TROPIC\2.jpg,WHITE TAILED TROPIC
WHITE TAILED TROPIC\3.jpg,ABBOTTS BOOBY
WHITE TAILED TROPIC\4.jpg,NORTHERN GANNET
WHITE TAILED TROPIC\5.jpg,WHITE TAILED TROPIC
WHITE THROATED BEE EATER\1.jpg,CAATINGA CACHOLOTE
WHITE THROATED BEE EATER\2.jpg,BLACK THROATED BUSHTIT
WHITE THROATED BEE EATER\3.jpg,WHITE THROATED BEE EATER
WHITE THROATED BEE EATER\4.jpg,WHITE THROATED BEE EATER
WHITE THROATED BEE EATER\5.jpg,WHITE THROATED BEE EATER
WILD TURKEY\1.jpg,WILD TURKEY
WILD TURKEY\2.jpg,WILD TURKEY
WILD TURKEY\3.jpg,WILD TURKEY
WILD TURKEY\4.jpg,WILD TURKEY
WILD TURKEY\5.jpg,WILD TURKEY
WILSONS BIRD OF PARADISE\1.jpg,WILSONS BIRD OF PARADISE
WILSONS BIRD OF PARADISE\2.jpg,WILSONS BIRD OF PARADISE
WILSONS BIRD OF PARADISE\3.jpg,WILSONS BIRD OF PARADISE
WILSONS BIRD OF PARADISE\4.jpg,WILSONS BIRD OF PARADISE
WILSONS BIRD OF PARADISE\5.jpg,WILSONS BIRD OF PARADISE
WOOD DUCK\1.jpg,WOOD DUCK
WOOD DUCK\2.jpg,BANDED PITA
WOOD DUCK\3.jpg,WOOD DUCK
WOOD DUCK\4.jpg,WOOD DUCK
WOOD DUCK\5.jpg,WOOD DUCK
YELLOW BELLIED FLOWERPECKER\1.jpg,YELLOW BELLIED FLOWERPECKER
YELLOW BELLIED FLOWERPECKER\2.jpg,YELLOW BELLIED FLOWERPECKER
YELLOW BELLIED FLOWERPECKER\3.jpg,YELLOW BELLIED FLOWERPECKER
YELLOW BELLIED FLOWERPECKER\4.jpg,YELLOW BELLIED FLOWERPECKER
YELLOW BELLIED FLOWERPECKER\5.jpg,YELLOW BELLIED FLOWERPECKER
YELLOW CACIQUE\1.jpg,YELLOW CACIQUE
YELLOW CACIQUE\2.jpg,YELLOW CACIQUE
YELLOW CACIQUE\3.jpg,YELLOW CACIQUE
YELLOW CACIQUE\4.jpg,YELLOW CACIQUE
YELLOW CACIQUE\5.jpg,YELLOW CACIQUE
YELLOW HEADED BLACKBIRD\1.jpg,YELLOW HEADED BLACKBIRD
YELLOW HEADED BLACKBIRD\2.jpg,YELLOW HEADED BLACKBIRD
YELLOW HEADED BLACKBIRD\3.jpg,YELLOW HEADED BLACKBIRD
YELLOW HEADED BLACKBIRD\4.jpg,BROWN NOODY
YELLOW HEADED BLACKBIRD\5.jpg,YELLOW HEADED BLACKBIRD
